m,d1,d2,T,n_runs,lambda_E,lambda_ent,policy,objective_mean,objective_std,total_mean,total_std,H_mean,H_std,E_mean,E_std
2000,10,1000,20,2,1,0.1,priority_credits,0.77365000,0.00123744,0.77365000,0.00123744,0.77365000,0.00123744,0.00000000,0.00000000
2000,10,1000,20,2,1,0.1,soft_commitment,0.78258750,0.00061872,0.78258750,0.00061872,0.78258750,0.00061872,0.00000000,0.00000000
2000,10,1000,20,2,1,0.1,risk_adjusted,0.85565000,0.00321734,0.85565000,0.00321734,0.85565000,0.00321734,0.00000000,0.00000000
2000,10,1000,20,2,1,0.1,preserve_quality,0.76128750,0.00263397,0.76128750,0.00263397,0.76128750,0.00263397,0.00000000,0.00000000
2000,10,1000,20,2,1,0.2,priority_credits,0.62456250,0.00493207,0.62456250,0.00493207,0.62456250,0.00493207,0.00000000,0.00000000
2000,10,1000,20,2,1,0.2,soft_commitment,0.62263750,0.00291682,0.62263750,0.00291682,0.62263750,0.00291682,0.00000000,0.00000000
2000,10,1000,20,2,1,0.2,risk_adjusted,0.75836250,0.00542704,0.75836250,0.00542704,0.75836250,0.00542704,0.00000000,0.00000000
2000,10,1000,20,2,1,0.2,preserve_quality,0.56410000,0.00477297,0.56410000,0.00477297,0.56410000,0.00477297,0.00000000,0.00000000
2000,10,1000,20,2,1,0.3,priority_credits,0.48191250,0.00079550,0.48191250,0.00079550,0.48191250,0.00079550,0.00000000,0.00000000
2000,10,1000,20,2,1,0.3,soft_commitment,0.48107500,0.00321734,0.48107500,0.00321734,0.48107500,0.00321734,0.00000000,0.00000000
2000,10,1000,20,2,1,0.3,risk_adjusted,0.66672500,0.00166170,0.66672500,0.00166170,0.66672500,0.00166170,0.00000000,0.00000000
2000,10,1000,20,2,1,0.3,preserve_quality,0.38005000,0.00282843,0.38005000,0.00282843,0.38005000,0.00282843,0.00000000,0.00000000
2000,10,1000,20,2,1,0.4,priority_credits,0.35175000,0.00689429,0.35175000,0.00689429,0.35175000,0.00689429,0.00000000,0.00000000
2000,10,1000,20,2,1,0.4,soft_commitment,0.35042500,0.00123744,0.35042500,0.00123744,0.35042500,0.00123744,0.00000000,0.00000000
2000,10,1000,20,2,1,0.4,risk_adjusted,0.56935000,0.00388909,0.56935000,0.00388909,0.56935000,0.00388909,0.00000000,0.00000000
2000,10,1000,20,2,1,0.4,preserve_quality,0.21030000,0.00014142,0.21030000,0.00014142,0.21030000,0.00014142,0.00000000,0.00000000
2000,10,1000,20,2,1,0.5,priority_credits,0.23755000,0.00512652,0.23755000,0.00512652,0.23755000,0.00512652,0.00000000,0.00000000
2000,10,1000,20,2,1,0.5,soft_commitment,0.23732500,0.00318198,0.23732500,0.00318198,0.23732500,0.00318198,0.00000000,0.00000000
2000,10,1000,20,2,1,0.5,risk_adjusted,0.47965000,0.00332340,0.47965000,0.00332340,0.47965000,0.00332340,0.00000000,0.00000000
2000,10,1000,20,2,1,0.5,preserve_quality,0.09448750,0.00086621,0.09448750,0.00086621,0.09448750,0.00086621,0.00000000,0.00000000
2000,10,1000,20,2,1,0.6,priority_credits,0.15075000,0.00229810,0.15075000,0.00229810,0.15075000,0.00229810,0.00000000,0.00000000
2000,10,1000,20,2,1,0.6,soft_commitment,0.15020000,0.00183848,0.15020000,0.00183848,0.15020000,0.00183848,0.00000000,0.00000000
2000,10,1000,20,2,1,0.6,risk_adjusted,0.38213750,0.00599273,0.38213750,0.00599273,0.38213750,0.00599273,0.00000000,0.00000000
2000,10,1000,20,2,1,0.6,preserve_quality,0.03977500,0.00021213,0.03977500,0.00021213,0.03976250,0.00019445,0.00001250,0.00001768
2000,10,1000,20,2,1,0.7,priority_credits,0.08408750,0.00072478,0.08408750,0.00072478,0.08408750,0.00072478,0.00000000,0.00000000
2000,10,1000,20,2,1,0.7,soft_commitment,0.07920000,0.00519723,0.07920000,0.00519723,0.07920000,0.00519723,0.00000000,0.00000000
2000,10,1000,20,2,1,0.7,risk_adjusted,0.28373750,0.00065407,0.28373750,0.00065407,0.28373750,0.00065407,0.00000000,0.00000000
2000,10,1000,20,2,1,0.7,preserve_quality,0.01835000,0.00183848,0.01835000,0.00183848,0.01835000,0.00183848,0.00000000,0.00000000
2000,10,1000,20,2,1,0.8,priority_credits,0.03682500,0.00176777,0.03682500,0.00176777,0.03682500,0.00176777,0.00000000,0.00000000
2000,10,1000,20,2,1,0.8,soft_commitment,0.03621250,0.00093692,0.03621250,0.00093692,0.03621250,0.00093692,0.00000000,0.00000000
2000,10,1000,20,2,1,0.8,risk_adjusted,0.18952500,0.00350018,0.18952500,0.00350018,0.18952500,0.00350018,0.00000000,0.00000000
2000,10,1000,20,2,1,0.8,preserve_quality,0.00923750,0.00022981,0.00923750,0.00022981,0.00923750,0.00022981,0.00000000,0.00000000
2000,10,1000,20,2,1,0.9,priority_credits,0.01293750,0.00015910,0.01293750,0.00015910,0.01293750,0.00015910,0.00000000,0.00000000
2000,10,1000,20,2,1,0.9,soft_commitment,0.01135000,0.00017678,0.01135000,0.00017678,0.01135000,0.00017678,0.00000000,0.00000000
2000,10,1000,20,2,1,0.9,risk_adjusted,0.09712500,0.00095459,0.09712500,0.00095459,0.09712500,0.00095459,0.00000000,0.00000000
2000,10,1000,20,2,1,0.9,preserve_quality,0.00350000,0.00003536,0.00350000,0.00003536,0.00350000,0.00003536,0.00000000,0.00000000
2000,10,1000,20,2,2,0.1,priority_credits,0.79002500,0.00226274,0.79002500,0.00226274,0.79001250,0.00224506,0.00001250,0.00001768
2000,10,1000,20,2,2,0.1,soft_commitment,0.79276250,0.00217435,0.79276250,0.00217435,0.79275000,0.00219203,0.00001250,0.00001768
2000,10,1000,20,2,2,0.1,risk_adjusted,0.85738750,0.00249255,0.85738750,0.00249255,0.85738750,0.00249255,0.00000000,0.00000000
2000,10,1000,20,2,2,0.1,preserve_quality,0.75696250,0.00372999,0.75696250,0.00372999,0.75695000,0.00374767,0.00001250,0.00001768
2000,10,1000,20,2,2,0.2,priority_credits,0.65053750,0.00525027,0.65053750,0.00525027,0.65053750,0.00525027,0.00000000,0.00000000
2000,10,1000,20,2,2,0.2,soft_commitment,0.65357500,0.00222739,0.65357500,0.00222739,0.65357500,0.00222739,0.00000000,0.00000000
2000,10,1000,20,2,2,0.2,risk_adjusted,0.76517500,0.00152028,0.76517500,0.00152028,0.76517500,0.00152028,0.00000000,0.00000000
2000,10,1000,20,2,2,0.2,preserve_quality,0.57005000,0.00194454,0.57005000,0.00194454,0.57005000,0.00194454,0.00000000,0.00000000
2000,10,1000,20,2,2,0.3,priority_credits,0.52728750,0.00224506,0.52728750,0.00224506,0.52728750,0.00224506,0.00000000,0.00000000
2000,10,1000,20,2,2,0.3,soft_commitment,0.52422500,0.00438406,0.52422500,0.00438406,0.52422500,0.00438406,0.00000000,0.00000000
2000,10,1000,20,2,2,0.3,risk_adjusted,0.66527500,0.00187383,0.66527500,0.00187383,0.66527500,0.00187383,0.00000000,0.00000000
2000,10,1000,20,2,2,0.3,preserve_quality,0.39692500,0.00332340,0.39692500,0.00332340,0.39692500,0.00332340,0.00000000,0.00000000
2000,10,1000,20,2,2,0.4,priority_credits,0.40672500,0.00152028,0.40672500,0.00152028,0.40672500,0.00152028,0.00000000,0.00000000
2000,10,1000,20,2,2,0.4,soft_commitment,0.40485000,0.00095459,0.40485000,0.00095459,0.40485000,0.00095459,0.00000000,0.00000000
2000,10,1000,20,2,2,0.4,risk_adjusted,0.56966250,0.00068943,0.56966250,0.00068943,0.56966250,0.00068943,0.00000000,0.00000000
2000,10,1000,20,2,2,0.4,preserve_quality,0.23966250,0.00440174,0.23966250,0.00440174,0.23966250,0.00440174,0.00000000,0.00000000
2000,10,1000,20,2,2,0.5,priority_credits,0.30458750,0.00959897,0.30458750,0.00959897,0.30458750,0.00959897,0.00000000,0.00000000
2000,10,1000,20,2,2,0.5,soft_commitment,0.30155000,0.00219203,0.30155000,0.00219203,0.30155000,0.00219203,0.00000000,0.00000000
2000,10,1000,20,2,2,0.5,risk_adjusted,0.47208750,0.00160867,0.47208750,0.00160867,0.47208750,0.00160867,0.00000000,0.00000000
2000,10,1000,20,2,2,0.5,preserve_quality,0.13508750,0.00426032,0.13508750,0.00426032,0.13508750,0.00426032,0.00000000,0.00000000
2000,10,1000,20,2,2,0.6,priority_credits,0.21495000,0.00159099,0.21495000,0.00159099,0.21495000,0.00159099,0.00000000,0.00000000
2000,10,1000,20,2,2,0.6,soft_commitment,0.20872500,0.00533866,0.20872500,0.00533866,0.20872500,0.00533866,0.00000000,0.00000000
2000,10,1000,20,2,2,0.6,risk_adjusted,0.38153750,0.00001768,0.38153750,0.00001768,0.38153750,0.00001768,0.00000000,0.00000000
2000,10,1000,20,2,2,0.6,preserve_quality,0.07605000,0.00350018,0.07605000,0.00350018,0.07605000,0.00350018,0.00000000,0.00000000
2000,10,1000,20,2,2,0.7,priority_credits,0.13616250,0.00012374,0.13616250,0.00012374,0.13616250,0.00012374,0.00000000,0.00000000
2000,10,1000,20,2,2,0.7,soft_commitment,0.13470000,0.00441942,0.13470000,0.00441942,0.13470000,0.00441942,0.00000000,0.00000000
2000,10,1000,20,2,2,0.7,risk_adjusted,0.28662500,0.00229810,0.28662500,0.00229810,0.28662500,0.00229810,0.00000000,0.00000000
2000,10,1000,20,2,2,0.7,preserve_quality,0.04437500,0.00056569,0.04437500,0.00056569,0.04437500,0.00056569,0.00000000,0.00000000
2000,10,1000,20,2,2,0.8,priority_credits,0.07742500,0.00226274,0.07742500,0.00226274,0.07742500,0.00226274,0.00000000,0.00000000
2000,10,1000,20,2,2,0.8,soft_commitment,0.07556250,0.00058336,0.07556250,0.00058336,0.07556250,0.00058336,0.00000000,0.00000000
2000,10,1000,20,2,2,0.8,risk_adjusted,0.19085000,0.00106066,0.19085000,0.00106066,0.19085000,0.00106066,0.00000000,0.00000000
2000,10,1000,20,2,2,0.8,preserve_quality,0.02241250,0.00125511,0.02241250,0.00125511,0.02241250,0.00125511,0.00000000,0.00000000
2000,10,1000,20,2,2,0.9,priority_credits,0.03261250,0.00231577,0.03261250,0.00231577,0.03261250,0.00231577,0.00000000,0.00000000
2000,10,1000,20,2,2,0.9,soft_commitment,0.03212500,0.00113137,0.03212500,0.00113137,0.03212500,0.00113137,0.00000000,0.00000000
2000,10,1000,20,2,2,0.9,risk_adjusted,0.09606250,0.00065407,0.09606250,0.00065407,0.09606250,0.00065407,0.00000000,0.00000000
2000,10,1000,20,2,2,0.9,preserve_quality,0.00977500,0.00042426,0.00977500,0.00042426,0.00977500,0.00042426,0.00000000,0.00000000
2000,10,1000,20,2,5,0.1,priority_credits,0.79705000,0.00537401,0.79705000,0.00537401,0.79703750,0.00535633,0.00001250,0.00001768
2000,10,1000,20,2,5,0.1,soft_commitment,0.79611250,0.00266933,0.79611250,0.00266933,0.79606250,0.00266933,0.00005000,0.00000000
2000,10,1000,20,2,5,0.1,risk_adjusted,0.85006250,0.00238649,0.85006250,0.00238649,0.84955000,0.00236881,0.00051250,0.00001768
2000,10,1000,20,2,5,0.1,preserve_quality,0.75661250,0.00210364,0.75661250,0.00210364,0.75658750,0.00213900,0.00002500,0.00003536
2000,10,1000,20,2,5,0.2,priority_credits,0.67505000,0.00095459,0.67505000,0.00095459,0.67503750,0.00093692,0.00001250,0.00001768
2000,10,1000,20,2,5,0.2,soft_commitment,0.67901250,0.00447245,0.67901250,0.00447245,0.67901250,0.00447245,0.00000000,0.00000000
2000,10,1000,20,2,5,0.2,risk_adjusted,0.76137500,0.00601041,0.76137500,0.00601041,0.76137500,0.00601041,0.00000000,0.00000000
2000,10,1000,20,2,5,0.2,preserve_quality,0.57228750,0.00475529,0.57228750,0.00475529,0.57228750,0.00475529,0.00000000,0.00000000
2000,10,1000,20,2,5,0.3,priority_credits,0.56370000,0.00523259,0.56370000,0.00523259,0.56370000,0.00523259,0.00000000,0.00000000
2000,10,1000,20,2,5,0.3,soft_commitment,0.56821250,0.00012374,0.56821250,0.00012374,0.56821250,0.00012374,0.00000000,0.00000000
2000,10,1000,20,2,5,0.3,risk_adjusted,0.66093750,0.00595737,0.66093750,0.00595737,0.66093750,0.00595737,0.00000000,0.00000000
2000,10,1000,20,2,5,0.3,preserve_quality,0.41232500,0.00328805,0.41232500,0.00328805,0.41232500,0.00328805,0.00000000,0.00000000
2000,10,1000,20,2,5,0.4,priority_credits,0.46180000,0.00183848,0.46180000,0.00183848,0.46180000,0.00183848,0.00000000,0.00000000
2000,10,1000,20,2,5,0.4,soft_commitment,0.46297500,0.00102530,0.46297500,0.00102530,0.46296250,0.00104298,0.00001250,0.00001768
2000,10,1000,20,2,5,0.4,risk_adjusted,0.57487500,0.00024749,0.57487500,0.00024749,0.57487500,0.00024749,0.00000000,0.00000000
2000,10,1000,20,2,5,0.4,preserve_quality,0.27355000,0.00357089,0.27355000,0.00357089,0.27353750,0.00358857,0.00001250,0.00001768
2000,10,1000,20,2,5,0.5,priority_credits,0.36666250,0.00507349,0.36666250,0.00507349,0.36665000,0.00505581,0.00001250,0.00001768
2000,10,1000,20,2,5,0.5,soft_commitment,0.37225000,0.00045962,0.37225000,0.00045962,0.37225000,0.00045962,0.00000000,0.00000000
2000,10,1000,20,2,5,0.5,risk_adjusted,0.47233750,0.00217435,0.47233750,0.00217435,0.47232500,0.00215668,0.00001250,0.00001768
2000,10,1000,20,2,5,0.5,preserve_quality,0.17950000,0.00095459,0.17950000,0.00095459,0.17950000,0.00095459,0.00000000,0.00000000
2000,10,1000,20,2,5,0.6,priority_credits,0.27815000,0.00187383,0.27815000,0.00187383,0.27815000,0.00187383,0.00000000,0.00000000
2000,10,1000,20,2,5,0.6,soft_commitment,0.27885000,0.00074246,0.27885000,0.00074246,0.27883750,0.00072478,0.00001250,0.00001768
2000,10,1000,20,2,5,0.6,risk_adjusted,0.38218750,0.00525027,0.38218750,0.00525027,0.38218750,0.00525027,0.00000000,0.00000000
2000,10,1000,20,2,5,0.6,preserve_quality,0.11691250,0.00252791,0.11691250,0.00252791,0.11691250,0.00252791,0.00000000,0.00000000
2000,10,1000,20,2,5,0.7,priority_credits,0.19955000,0.00205061,0.19955000,0.00205061,0.19955000,0.00205061,0.00000000,0.00000000
2000,10,1000,20,2,5,0.7,soft_commitment,0.20026250,0.00033588,0.20026250,0.00033588,0.20026250,0.00033588,0.00000000,0.00000000
2000,10,1000,20,2,5,0.7,risk_adjusted,0.28730000,0.00392444,0.28730000,0.00392444,0.28730000,0.00392444,0.00000000,0.00000000
2000,10,1000,20,2,5,0.7,preserve_quality,0.07241250,0.00079550,0.07241250,0.00079550,0.07241250,0.00079550,0.00000000,0.00000000
2000,10,1000,20,2,5,0.8,priority_credits,0.12311250,0.00019445,0.12311250,0.00019445,0.12311250,0.00019445,0.00000000,0.00000000
2000,10,1000,20,2,5,0.8,soft_commitment,0.12622500,0.00251023,0.12622500,0.00251023,0.12622500,0.00251023,0.00000000,0.00000000
2000,10,1000,20,2,5,0.8,risk_adjusted,0.18771250,0.00111369,0.18771250,0.00111369,0.18771250,0.00111369,0.00000000,0.00000000
2000,10,1000,20,2,5,0.8,preserve_quality,0.04205000,0.00120208,0.04205000,0.00120208,0.04203750,0.00121976,0.00001250,0.00001768
2000,10,1000,20,2,5,0.9,priority_credits,0.05977500,0.00113137,0.05977500,0.00113137,0.05977500,0.00113137,0.00000000,0.00000000
2000,10,1000,20,2,5,0.9,soft_commitment,0.05887500,0.00070711,0.05887500,0.00070711,0.05887500,0.00070711,0.00000000,0.00000000
2000,10,1000,20,2,5,0.9,risk_adjusted,0.09556250,0.00072478,0.09556250,0.00072478,0.09556250,0.00072478,0.00000000,0.00000000
2000,10,1000,20,2,5,0.9,preserve_quality,0.01891250,0.00083085,0.01891250,0.00083085,0.01891250,0.00083085,0.00000000,0.00000000
2000,10,1000,20,2,10,0.1,priority_credits,0.80457500,0.00084853,0.80457500,0.00084853,0.80442500,0.00077782,0.00015000,0.00007071
2000,10,1000,20,2,10,0.1,soft_commitment,0.80307500,0.00477297,0.80307500,0.00477297,0.80300000,0.00480833,0.00007500,0.00003536
2000,10,1000,20,2,10,0.1,risk_adjusted,0.85568750,0.00761908,0.85568750,0.00761908,0.85192500,0.00784889,0.00376250,0.00022981
2000,10,1000,20,2,10,0.1,preserve_quality,0.76353750,0.00585131,0.76353750,0.00585131,0.76338750,0.00581595,0.00015000,0.00003536
2000,10,1000,20,2,10,0.2,priority_credits,0.68140000,0.00296985,0.68140000,0.00296985,0.68136250,0.00302288,0.00003750,0.00005303
2000,10,1000,20,2,10,0.2,soft_commitment,0.68392500,0.00597505,0.68392500,0.00597505,0.68388750,0.00602809,0.00003750,0.00005303
2000,10,1000,20,2,10,0.2,risk_adjusted,0.76111250,0.00086621,0.76111250,0.00086621,0.76028750,0.00129047,0.00082500,0.00042426
2000,10,1000,20,2,10,0.2,preserve_quality,0.58467500,0.00601041,0.58467500,0.00601041,0.58458750,0.00595737,0.00008750,0.00005303
2000,10,1000,20,2,10,0.3,priority_credits,0.57732500,0.00558614,0.57732500,0.00558614,0.57730000,0.00558614,0.00002500,0.00000000
2000,10,1000,20,2,10,0.3,soft_commitment,0.57863750,0.00567453,0.57863750,0.00567453,0.57862500,0.00569221,0.00001250,0.00001768
2000,10,1000,20,2,10,0.3,risk_adjusted,0.66371250,0.00631093,0.66371250,0.00631093,0.66362500,0.00636396,0.00008750,0.00005303
2000,10,1000,20,2,10,0.3,preserve_quality,0.42093750,0.00341179,0.42093750,0.00341179,0.42085000,0.00335876,0.00008750,0.00005303
2000,10,1000,20,2,10,0.4,priority_credits,0.47705000,0.00268701,0.47705000,0.00268701,0.47705000,0.00268701,0.00000000,0.00000000
2000,10,1000,20,2,10,0.4,soft_commitment,0.48003750,0.00768979,0.48003750,0.00768979,0.48003750,0.00768979,0.00000000,0.00000000
2000,10,1000,20,2,10,0.4,risk_adjusted,0.57237500,0.00799031,0.57237500,0.00799031,0.57233750,0.00800798,0.00003750,0.00001768
2000,10,1000,20,2,10,0.4,preserve_quality,0.29475000,0.00229810,0.29475000,0.00229810,0.29473750,0.00228042,0.00001250,0.00001768
2000,10,1000,20,2,10,0.5,priority_credits,0.39352500,0.00381838,0.39352500,0.00381838,0.39351250,0.00380070,0.00001250,0.00001768
2000,10,1000,20,2,10,0.5,soft_commitment,0.39121250,0.00196222,0.39121250,0.00196222,0.39121250,0.00196222,0.00000000,0.00000000
2000,10,1000,20,2,10,0.5,risk_adjusted,0.47671250,0.00461387,0.47671250,0.00461387,0.47668750,0.00461387,0.00002500,0.00000000
2000,10,1000,20,2,10,0.5,preserve_quality,0.20026250,0.00090156,0.20026250,0.00090156,0.20026250,0.00090156,0.00000000,0.00000000
2000,10,1000,20,2,10,0.6,priority_credits,0.30033750,0.00231577,0.30033750,0.00231577,0.30033750,0.00231577,0.00000000,0.00000000
2000,10,1000,20,2,10,0.6,soft_commitment,0.30307500,0.00003536,0.30307500,0.00003536,0.30307500,0.00003536,0.00000000,0.00000000
2000,10,1000,20,2,10,0.6,risk_adjusted,0.37821250,0.00206829,0.37821250,0.00206829,0.37820000,0.00205061,0.00001250,0.00001768
2000,10,1000,20,2,10,0.6,preserve_quality,0.13786250,0.00206829,0.13786250,0.00206829,0.13786250,0.00206829,0.00000000,0.00000000
2000,10,1000,20,2,10,0.7,priority_credits,0.21973750,0.00146725,0.21973750,0.00146725,0.21973750,0.00146725,0.00000000,0.00000000
2000,10,1000,20,2,10,0.7,soft_commitment,0.22282500,0.00123744,0.22282500,0.00123744,0.22282500,0.00123744,0.00000000,0.00000000
2000,10,1000,20,2,10,0.7,risk_adjusted,0.28607500,0.00229810,0.28607500,0.00229810,0.28607500,0.00229810,0.00000000,0.00000000
2000,10,1000,20,2,10,0.7,preserve_quality,0.08991250,0.00100763,0.08991250,0.00100763,0.08990000,0.00098995,0.00001250,0.00001768
2000,10,1000,20,2,10,0.8,priority_credits,0.14468750,0.00298753,0.14468750,0.00298753,0.14468750,0.00298753,0.00000000,0.00000000
2000,10,1000,20,2,10,0.8,soft_commitment,0.14296250,0.00076014,0.14296250,0.00076014,0.14295000,0.00077782,0.00001250,0.00001768
2000,10,1000,20,2,10,0.8,risk_adjusted,0.19075000,0.00212132,0.19075000,0.00212132,0.19075000,0.00212132,0.00000000,0.00000000
2000,10,1000,20,2,10,0.8,preserve_quality,0.05391250,0.00178544,0.05391250,0.00178544,0.05378750,0.00175009,0.00012500,0.00003536
2000,10,1000,20,2,10,0.9,priority_credits,0.06882500,0.00042426,0.06882500,0.00042426,0.06882500,0.00042426,0.00000000,0.00000000
2000,10,1000,20,2,10,0.9,soft_commitment,0.06882500,0.00116673,0.06882500,0.00116673,0.06882500,0.00116673,0.00000000,0.00000000
2000,10,1000,20,2,10,0.9,risk_adjusted,0.09617500,0.00049497,0.09617500,0.00049497,0.09617500,0.00049497,0.00000000,0.00000000
2000,10,1000,20,2,10,0.9,preserve_quality,0.02391250,0.00019445,0.02391250,0.00019445,0.02366250,0.00022981,0.00025000,0.00003536
2000,10,1000,20,2,20,0.1,priority_credits,0.79670000,0.00155563,0.79670000,0.00155563,0.79633750,0.00160867,0.00036250,0.00005303
2000,10,1000,20,2,20,0.1,soft_commitment,0.80183750,0.00415425,0.80183750,0.00415425,0.80152500,0.00406586,0.00031250,0.00008839
2000,10,1000,20,2,20,0.1,risk_adjusted,0.86407500,0.00406586,0.86407500,0.00406586,0.85102500,0.00424264,0.01305000,0.00017678
2000,10,1000,20,2,20,0.1,preserve_quality,0.75843750,0.00457852,0.75843750,0.00457852,0.75787500,0.00438406,0.00056250,0.00019445
2000,10,1000,20,2,20,0.2,priority_credits,0.67790000,0.00463155,0.67790000,0.00463155,0.67766250,0.00471994,0.00023750,0.00008839
2000,10,1000,20,2,20,0.2,soft_commitment,0.68311250,0.00192687,0.68311250,0.00192687,0.68281250,0.00185616,0.00030000,0.00007071
2000,10,1000,20,2,20,0.2,risk_adjusted,0.76712500,0.00155563,0.76712500,0.00155563,0.75898750,0.00175009,0.00813750,0.00019445
2000,10,1000,20,2,20,0.2,preserve_quality,0.58585000,0.01209153,0.58585000,0.01209153,0.58517500,0.01212688,0.00067500,0.00003536
2000,10,1000,20,2,20,0.3,priority_credits,0.57180000,0.00406586,0.57180000,0.00406586,0.57157500,0.00410122,0.00022500,0.00003536
2000,10,1000,20,2,20,0.3,soft_commitment,0.57592500,0.00208597,0.57592500,0.00208597,0.57580000,0.00197990,0.00012500,0.00010607
2000,10,1000,20,2,20,0.3,risk_adjusted,0.66295000,0.00364160,0.66295000,0.00364160,0.65935000,0.00367696,0.00360000,0.00003536
2000,10,1000,20,2,20,0.3,preserve_quality,0.43065000,0.00371231,0.43065000,0.00371231,0.43027500,0.00381838,0.00037500,0.00010607
2000,10,1000,20,2,20,0.4,priority_credits,0.47840000,0.00548008,0.47840000,0.00548008,0.47835000,0.00551543,0.00005000,0.00003536
2000,10,1000,20,2,20,0.4,soft_commitment,0.48056250,0.00065407,0.48056250,0.00065407,0.48047500,0.00067175,0.00008750,0.00001768
2000,10,1000,20,2,20,0.4,risk_adjusted,0.57185000,0.00084853,0.57185000,0.00084853,0.57043750,0.00104298,0.00141250,0.00019445
2000,10,1000,20,2,20,0.4,preserve_quality,0.30456250,0.00235113,0.30456250,0.00235113,0.30386250,0.00252791,0.00070000,0.00017678
2000,10,1000,20,2,20,0.5,priority_credits,0.39108750,0.00217435,0.39108750,0.00217435,0.39105000,0.00215668,0.00003750,0.00001768
2000,10,1000,20,2,20,0.5,soft_commitment,0.38752500,0.00371231,0.38752500,0.00371231,0.38747500,0.00367696,0.00005000,0.00003536
2000,10,1000,20,2,20,0.5,risk_adjusted,0.47285000,0.00236881,0.47285000,0.00236881,0.47217500,0.00258094,0.00067500,0.00021213
2000,10,1000,20,2,20,0.5,preserve_quality,0.21435000,0.00049497,0.21435000,0.00049497,0.21362500,0.00053033,0.00072500,0.00003536
2000,10,1000,20,2,20,0.6,priority_credits,0.30722500,0.00042426,0.30722500,0.00042426,0.30721250,0.00044194,0.00001250,0.00001768
2000,10,1000,20,2,20,0.6,soft_commitment,0.29983750,0.00008839,0.29983750,0.00008839,0.29976250,0.00005303,0.00007500,0.00003536
2000,10,1000,20,2,20,0.6,risk_adjusted,0.38013750,0.00228042,0.38013750,0.00228042,0.37978750,0.00228042,0.00035000,0.00000000
2000,10,1000,20,2,20,0.6,preserve_quality,0.14847500,0.00007071,0.14847500,0.00007071,0.14713750,0.00008839,0.00133750,0.00001768
2000,10,1000,20,2,20,0.7,priority_credits,0.22193750,0.00387141,0.22193750,0.00387141,0.22188750,0.00387141,0.00005000,0.00000000
2000,10,1000,20,2,20,0.7,soft_commitment,0.22187500,0.00081317,0.22187500,0.00081317,0.22185000,0.00077782,0.00002500,0.00003536
2000,10,1000,20,2,20,0.7,risk_adjusted,0.28408750,0.00093692,0.28408750,0.00093692,0.28393750,0.00093692,0.00015000,0.00000000
2000,10,1000,20,2,20,0.7,preserve_quality,0.10083750,0.00030052,0.10083750,0.00030052,0.09853750,0.00037123,0.00230000,0.00007071
2000,10,1000,20,2,20,0.8,priority_credits,0.14932500,0.00007071,0.14932500,0.00007071,0.14931250,0.00008839,0.00001250,0.00001768
2000,10,1000,20,2,20,0.8,soft_commitment,0.14330000,0.00335876,0.14330000,0.00335876,0.14327500,0.00335876,0.00002500,0.00000000
2000,10,1000,20,2,20,0.8,risk_adjusted,0.19038750,0.00033588,0.19038750,0.00033588,0.19036250,0.00033588,0.00002500,0.00000000
2000,10,1000,20,2,20,0.8,preserve_quality,0.06452500,0.00053033,0.06452500,0.00053033,0.05982500,0.00038891,0.00470000,0.00091924
2000,10,1000,20,2,20,0.9,priority_credits,0.07166250,0.00065407,0.07166250,0.00065407,0.07166250,0.00065407,0.00000000,0.00000000
2000,10,1000,20,2,20,0.9,soft_commitment,0.07112500,0.00127279,0.07112500,0.00127279,0.07111250,0.00125511,0.00001250,0.00001768
2000,10,1000,20,2,20,0.9,risk_adjusted,0.09673750,0.00160867,0.09673750,0.00160867,0.09673750,0.00160867,0.00000000,0.00000000
2000,10,1000,20,2,20,0.9,preserve_quality,0.03502500,0.00003536,0.03502500,0.00003536,0.02623750,0.00047730,0.00878750,0.00051265
2000,10,1000,20,2,40,0.1,priority_credits,0.79777500,0.00212132,0.79777500,0.00212132,0.79690000,0.00229810,0.00087500,0.00017678
2000,10,1000,20,2,40,0.1,soft_commitment,0.78983750,0.00461387,0.78983750,0.00461387,0.78917500,0.00480833,0.00066250,0.00019445
2000,10,1000,20,2,40,0.1,risk_adjusted,0.88551250,0.00068943,0.88551250,0.00068943,0.85681250,0.00076014,0.02870000,0.00144957
2000,10,1000,20,2,40,0.1,preserve_quality,0.76453750,0.00203293,0.76453750,0.00203293,0.76315000,0.00222739,0.00138750,0.00019445
2000,10,1000,20,2,40,0.2,priority_credits,0.66821250,0.00274004,0.66821250,0.00274004,0.66690000,0.00268701,0.00131250,0.00005303
2000,10,1000,20,2,40,0.2,soft_commitment,0.65863750,0.00012374,0.65863750,0.00012374,0.65758750,0.00005303,0.00105000,0.00007071
2000,10,1000,20,2,40,0.2,risk_adjusted,0.78333750,0.00875045,0.78333750,0.00875045,0.75717500,0.00710642,0.02616250,0.00164402
2000,10,1000,20,2,40,0.2,preserve_quality,0.58650000,0.00187383,0.58650000,0.00187383,0.58393750,0.00224506,0.00256250,0.00037123
2000,10,1000,20,2,40,0.3,priority_credits,0.55591250,0.00171473,0.55591250,0.00171473,0.55463750,0.00175009,0.00127500,0.00003536
2000,10,1000,20,2,40,0.3,soft_commitment,0.55775000,0.00236881,0.55775000,0.00236881,0.55642500,0.00169706,0.00132500,0.00067175
2000,10,1000,20,2,40,0.3,risk_adjusted,0.68880000,0.00226274,0.68880000,0.00226274,0.66816250,0.00143189,0.02063750,0.00083085
2000,10,1000,20,2,40,0.3,preserve_quality,0.43221250,0.00305824,0.43221250,0.00305824,0.42842500,0.00268701,0.00378750,0.00037123
2000,10,1000,20,2,40,0.4,priority_credits,0.45955000,0.00346482,0.45955000,0.00346482,0.45837500,0.00350018,0.00117500,0.00003536
2000,10,1000,20,2,40,0.4,soft_commitment,0.45406250,0.00143189,0.45406250,0.00143189,0.45272500,0.00134350,0.00133750,0.00008839
2000,10,1000,20,2,40,0.4,risk_adjusted,0.59138750,0.00323501,0.59138750,0.00323501,0.57492500,0.00300520,0.01646250,0.00022981
2000,10,1000,20,2,40,0.4,preserve_quality,0.31540000,0.00371231,0.31540000,0.00371231,0.30950000,0.00413657,0.00590000,0.00042426
2000,10,1000,20,2,40,0.5,priority_credits,0.36478750,0.00121976,0.36478750,0.00121976,0.36365000,0.00106066,0.00113750,0.00015910
2000,10,1000,20,2,40,0.5,soft_commitment,0.37058750,0.00160867,0.37058750,0.00160867,0.36933750,0.00132583,0.00125000,0.00028284
2000,10,1000,20,2,40,0.5,risk_adjusted,0.48821250,0.00019445,0.48821250,0.00019445,0.47763750,0.00012374,0.01057500,0.00007071
2000,10,1000,20,2,40,0.5,preserve_quality,0.23048750,0.00005303,0.23048750,0.00005303,0.22143750,0.00086621,0.00905000,0.00081317
2000,10,1000,20,2,40,0.6,priority_credits,0.28408750,0.00500278,0.28408750,0.00500278,0.28297500,0.00498510,0.00111250,0.00001768
2000,10,1000,20,2,40,0.6,soft_commitment,0.28357500,0.00700036,0.28357500,0.00700036,0.28243750,0.00715946,0.00113750,0.00015910
2000,10,1000,20,2,40,0.6,risk_adjusted,0.38921250,0.00005303,0.38921250,0.00005303,0.38153750,0.00001768,0.00767500,0.00003536
2000,10,1000,20,2,40,0.6,preserve_quality,0.16830000,0.00307591,0.16830000,0.00307591,0.15337500,0.00403051,0.01492500,0.00095459
2000,10,1000,20,2,40,0.7,priority_credits,0.21026250,0.00397748,0.21026250,0.00397748,0.20916250,0.00418961,0.00110000,0.00021213
2000,10,1000,20,2,40,0.7,soft_commitment,0.20812500,0.00226274,0.20812500,0.00226274,0.20686250,0.00220971,0.00126250,0.00005303
2000,10,1000,20,2,40,0.7,risk_adjusted,0.29338750,0.00471994,0.29338750,0.00471994,0.28866250,0.00471994,0.00472500,0.00000000
2000,10,1000,20,2,40,0.7,preserve_quality,0.12511250,0.00206829,0.12511250,0.00206829,0.10365000,0.00190919,0.02146250,0.00015910
2000,10,1000,20,2,40,0.8,priority_credits,0.13605000,0.00173241,0.13605000,0.00173241,0.13476250,0.00192687,0.00128750,0.00019445
2000,10,1000,20,2,40,0.8,soft_commitment,0.13498750,0.00291682,0.13498750,0.00291682,0.13367500,0.00272236,0.00131250,0.00019445
2000,10,1000,20,2,40,0.8,risk_adjusted,0.19441250,0.00157331,0.19441250,0.00157331,0.19105000,0.00180312,0.00336250,0.00022981
2000,10,1000,20,2,40,0.8,preserve_quality,0.09240000,0.00328805,0.09240000,0.00328805,0.06070000,0.00038891,0.03170000,0.00289914
2000,10,1000,20,2,40,0.9,priority_credits,0.06563750,0.00090156,0.06563750,0.00090156,0.06451250,0.00083085,0.00112500,0.00007071
2000,10,1000,20,2,40,0.9,soft_commitment,0.06717500,0.00095459,0.06717500,0.00095459,0.06583750,0.00097227,0.00133750,0.00001768
2000,10,1000,20,2,40,0.9,risk_adjusted,0.09816250,0.00132583,0.09816250,0.00132583,0.09610000,0.00123744,0.00206250,0.00008839
2000,10,1000,20,2,40,0.9,preserve_quality,0.07301250,0.00224506,0.07301250,0.00224506,0.02751250,0.00139654,0.04550000,0.00084853
2000,10,1000,20,2,100,0.1,priority_credits,0.78091250,0.00631093,0.78091250,0.00631093,0.77903750,0.00634628,0.00187500,0.00003536
2000,10,1000,20,2,100,0.1,soft_commitment,0.77586250,0.00401283,0.77586250,0.00401283,0.77428750,0.00397748,0.00157500,0.00003536
2000,10,1000,20,2,100,0.1,risk_adjusted,0.90810000,0.00339411,0.90810000,0.00339411,0.85630000,0.00431335,0.05180000,0.00091924
2000,10,1000,20,2,100,0.1,preserve_quality,0.76692500,0.00219203,0.76692500,0.00219203,0.76472500,0.00215668,0.00220000,0.00003536
2000,10,1000,20,2,100,0.2,priority_credits,0.63198750,0.00040659,0.63198750,0.00040659,0.62791250,0.00033588,0.00407500,0.00007071
2000,10,1000,20,2,100,0.2,soft_commitment,0.63997500,0.00445477,0.63997500,0.00445477,0.63661250,0.00461387,0.00336250,0.00015910
2000,10,1000,20,2,100,0.2,risk_adjusted,0.82850000,0.00120208,0.82850000,0.00120208,0.76347500,0.00212132,0.06502500,0.00091924
2000,10,1000,20,2,100,0.2,preserve_quality,0.58956250,0.00390676,0.58956250,0.00390676,0.58285000,0.00484368,0.00671250,0.00093692
2000,10,1000,20,2,100,0.3,priority_credits,0.51526250,0.00493207,0.51526250,0.00493207,0.50921250,0.00415425,0.00605000,0.00077782
2000,10,1000,20,2,100,0.3,soft_commitment,0.52016250,0.00521491,0.52016250,0.00521491,0.51422500,0.00498510,0.00593750,0.00022981
2000,10,1000,20,2,100,0.3,risk_adjusted,0.73840000,0.00063640,0.73840000,0.00063640,0.66737500,0.00113137,0.07102500,0.00049497
2000,10,1000,20,2,100,0.3,preserve_quality,0.44250000,0.00038891,0.44250000,0.00038891,0.42876250,0.00001768,0.01373750,0.00037123
2000,10,1000,20,2,100,0.4,priority_credits,0.41605000,0.00484368,0.41605000,0.00484368,0.40636250,0.00440174,0.00968750,0.00044194
2000,10,1000,20,2,100,0.4,soft_commitment,0.42003750,0.00114905,0.42003750,0.00114905,0.41080000,0.00162635,0.00923750,0.00047730
2000,10,1000,20,2,100,0.4,risk_adjusted,0.64107500,0.00374767,0.64107500,0.00374767,0.57027500,0.00300520,0.07080000,0.00074246
2000,10,1000,20,2,100,0.4,preserve_quality,0.33146250,0.00217435,0.33146250,0.00217435,0.30471250,0.00040659,0.02675000,0.00176777
2000,10,1000,20,2,100,0.5,priority_credits,0.33181250,0.00521491,0.33181250,0.00521491,0.31876250,0.00496743,0.01305000,0.00024749
2000,10,1000,20,2,100,0.5,soft_commitment,0.33148750,0.00295217,0.33148750,0.00295217,0.31866250,0.00372999,0.01282500,0.00077782
2000,10,1000,20,2,100,0.5,risk_adjusted,0.53677500,0.00374767,0.53677500,0.00374767,0.47015000,0.00445477,0.06662500,0.00070711
2000,10,1000,20,2,100,0.5,preserve_quality,0.25918750,0.00051265,0.25918750,0.00051265,0.21725000,0.00007071,0.04193750,0.00058336
2000,10,1000,20,2,100,0.6,priority_credits,0.25965000,0.00127279,0.25965000,0.00127279,0.24310000,0.00148492,0.01655000,0.00021213
2000,10,1000,20,2,100,0.6,soft_commitment,0.25775000,0.00201525,0.25775000,0.00201525,0.24031250,0.00196222,0.01743750,0.00005303
2000,10,1000,20,2,100,0.6,risk_adjusted,0.44336250,0.00532098,0.44336250,0.00532098,0.37916250,0.00422496,0.06420000,0.00109602
2000,10,1000,20,2,100,0.6,preserve_quality,0.21210000,0.00067175,0.21210000,0.00067175,0.14902500,0.00035355,0.06307500,0.00031820
2000,10,1000,20,2,100,0.7,priority_credits,0.19158750,0.00061872,0.19158750,0.00061872,0.17093750,0.00047730,0.02065000,0.00014142
2000,10,1000,20,2,100,0.7,soft_commitment,0.19507500,0.00219203,0.19507500,0.00219203,0.17412500,0.00190919,0.02095000,0.00028284
2000,10,1000,20,2,100,0.7,risk_adjusted,0.34262500,0.00067175,0.34262500,0.00067175,0.28503750,0.00054801,0.05758750,0.00012374
2000,10,1000,20,2,100,0.7,preserve_quality,0.18598750,0.00327037,0.18598750,0.00327037,0.09761250,0.00429567,0.08837500,0.00102530
2000,10,1000,20,2,100,0.8,priority_credits,0.13441250,0.00076014,0.13441250,0.00076014,0.10711250,0.00044194,0.02730000,0.00031820
2000,10,1000,20,2,100,0.8,soft_commitment,0.13498750,0.00019445,0.13498750,0.00019445,0.10865000,0.00063640,0.02633750,0.00083085
2000,10,1000,20,2,100,0.8,risk_adjusted,0.23843750,0.00355321,0.23843750,0.00355321,0.18900000,0.00116673,0.04943750,0.00238649
2000,10,1000,20,2,100,0.8,preserve_quality,0.17568750,0.00277539,0.17568750,0.00277539,0.05892500,0.00063640,0.11676250,0.00341179
2000,10,1000,20,2,100,0.9,priority_credits,0.08398750,0.00164402,0.08398750,0.00164402,0.05091250,0.00047730,0.03307500,0.00116673
2000,10,1000,20,2,100,0.9,soft_commitment,0.08693750,0.00203293,0.08693750,0.00203293,0.05298750,0.00033588,0.03395000,0.00169706
2000,10,1000,20,2,100,0.9,risk_adjusted,0.14156250,0.00143189,0.14156250,0.00143189,0.09597500,0.00183848,0.04558750,0.00040659
2000,10,1000,20,2,100,0.9,preserve_quality,0.17183750,0.00274004,0.17183750,0.00274004,0.02687500,0.00088388,0.14496250,0.00185616
