policy,time,H_mean,H_std,E_mean,E_std,total_mean,total_std
greedy,0.00,0.000000,0.000000,0.000000,0.000000,0.000000,0.000000
greedy,0.25,169.000000,13.540064,21.000000,5.033223,190.000000,14.422205
greedy,0.50,263.800000,25.349995,16.500000,2.798809,280.300000,24.069575
greedy,0.75,323.600000,18.880913,16.200000,4.022161,339.800000,17.743857
greedy,1.00,353.400000,30.855217,14.700000,3.164034,368.100000,29.916365
greedy,1.25,367.200000,27.575351,18.100000,3.695342,385.300000,26.280749
greedy,1.50,391.700000,26.824740,14.600000,2.366432,406.300000,28.362926
greedy,1.75,394.300000,25.927463,15.700000,3.335000,410.000000,27.137510
greedy,2.00,393.700000,19.641509,13.000000,3.231787,406.700000,20.303530
greedy,2.25,399.600000,17.513170,15.700000,2.263233,415.300000,17.764196
greedy,2.50,406.200000,19.337930,13.600000,3.169297,419.800000,19.640095
greedy,2.75,421.200000,19.211108,13.700000,3.973523,434.900000,20.360365
greedy,3.00,415.300000,20.784877,14.100000,4.458450,429.400000,20.045504
greedy,3.25,416.300000,23.079813,15.500000,3.374743,431.800000,23.078610
greedy,3.50,419.600000,30.725306,15.300000,2.668749,434.900000,30.329487
greedy,3.75,417.000000,20.049938,13.900000,3.813718,430.900000,21.152620
greedy,4.00,417.700000,17.346469,14.900000,5.704774,432.600000,15.896890
greedy,4.25,417.800000,20.767496,16.000000,4.055175,433.800000,18.760479
greedy,4.50,407.900000,19.069755,14.100000,3.900142,422.000000,19.131126
greedy,4.75,407.300000,22.544031,12.500000,3.689324,419.800000,21.632280
greedy,5.00,413.300000,24.495124,14.300000,4.110961,427.600000,23.296161
greedy,5.25,402.600000,31.419032,15.100000,4.280446,417.700000,29.280445
greedy,5.50,407.200000,25.646312,14.100000,4.483302,421.300000,23.711460
greedy,5.75,410.700000,17.094834,16.100000,3.178050,426.800000,18.329090
greedy,6.00,417.900000,19.358891,14.400000,2.590581,432.300000,20.472475
greedy,6.25,412.800000,25.463700,14.900000,3.478505,427.700000,24.913406
greedy,6.50,420.600000,19.912029,13.400000,2.988868,434.000000,20.752510
greedy,6.75,416.900000,28.876942,15.100000,2.469818,432.000000,27.145697
greedy,7.00,406.500000,13.116995,13.600000,2.065591,420.100000,13.169409
greedy,7.25,403.700000,14.126807,15.200000,3.119829,418.900000,14.835768
greedy,7.50,402.000000,19.026298,15.500000,2.549510,417.500000,19.506409
greedy,7.75,400.700000,17.531242,13.900000,4.483302,414.600000,16.647990
greedy,8.00,403.100000,21.732975,15.700000,2.907844,418.800000,23.668075
greedy,8.25,400.800000,17.523318,13.700000,3.093003,414.500000,16.215562
greedy,8.50,411.600000,23.519259,14.200000,3.119829,425.800000,21.529308
greedy,8.75,414.900000,24.906269,15.100000,3.034981,430.000000,26.890725
greedy,9.00,414.400000,22.867736,13.600000,4.550946,428.000000,25.815585
greedy,9.25,412.700000,25.166336,14.700000,3.267687,427.400000,25.122809
greedy,9.50,416.400000,17.321791,14.300000,2.710064,430.700000,15.578119
greedy,9.75,420.800000,19.954392,13.400000,3.098387,434.200000,19.147382
greedy,10.00,418.600000,19.783270,14.200000,3.359894,432.800000,18.954917
greedy,10.25,416.000000,20.368821,16.400000,2.503331,432.400000,21.308319
greedy,10.50,425.500000,21.833969,15.700000,3.973523,441.200000,21.012166
greedy,10.75,427.000000,27.390185,13.100000,3.071373,440.100000,26.743431
greedy,11.00,421.900000,25.035308,16.000000,2.309401,437.900000,23.881420
greedy,11.25,420.500000,15.072049,14.200000,3.293090,434.700000,13.038831
greedy,11.50,419.500000,21.141061,14.300000,2.869379,433.800000,21.867276
greedy,11.75,407.800000,13.717791,12.300000,4.473378,420.100000,14.738084
greedy,12.00,405.500000,15.994791,15.400000,3.272783,420.900000,15.487988
greedy,12.25,399.900000,23.605320,15.500000,2.915476,415.400000,23.372348
greedy,12.50,400.600000,11.899580,14.300000,2.945807,414.900000,9.746224
greedy,12.75,404.300000,20.645419,12.600000,2.458545,416.900000,21.278314
greedy,13.00,401.400000,23.533428,14.100000,3.725289,415.500000,25.347584
greedy,13.25,406.500000,31.599051,13.900000,3.414023,420.400000,31.959002
greedy,13.50,409.600000,22.799610,16.000000,2.538591,425.600000,21.140798
greedy,13.75,399.200000,22.841483,15.600000,4.742245,414.800000,25.332456
greedy,14.00,403.600000,16.201509,15.300000,3.653005,418.900000,17.368234
greedy,14.25,404.800000,26.553091,14.700000,3.772709,419.500000,26.617663
greedy,14.50,406.100000,23.713334,15.500000,4.034573,421.600000,22.716612
greedy,14.75,407.900000,15.021836,16.200000,3.011091,424.100000,17.084431
greedy,15.00,405.100000,19.745323,15.700000,2.668749,420.800000,21.729652
greedy,15.25,405.900000,23.657040,15.200000,3.155243,421.100000,24.103711
greedy,15.50,404.100000,25.830430,13.700000,3.056868,417.800000,26.869231
greedy,15.75,401.900000,22.153254,15.500000,3.064129,417.400000,22.515180
greedy,16.00,398.800000,23.251284,13.500000,5.126185,412.300000,26.004487
greedy,16.25,408.600000,15.115849,14.900000,3.414023,423.500000,15.414640
greedy,16.50,419.400000,23.381854,15.000000,3.771236,434.400000,22.692143
greedy,16.75,417.100000,24.816885,16.600000,3.098387,433.700000,24.765792
greedy,17.00,433.700000,23.711460,16.200000,3.705851,449.900000,23.192192
greedy,17.25,417.400000,26.998765,13.400000,3.169297,430.800000,26.435666
greedy,17.50,408.000000,25.832796,15.000000,2.000000,423.000000,25.442746
greedy,17.75,413.300000,21.002910,16.200000,3.910101,429.500000,22.177316
greedy,18.00,407.600000,17.608079,15.200000,1.873796,422.800000,18.629725
greedy,18.25,399.200000,11.033283,12.800000,3.293090,412.000000,11.165423
greedy,18.50,402.900000,11.308306,14.500000,3.719319,417.400000,12.747113
greedy,18.75,399.000000,12.174655,14.700000,3.198958,413.700000,13.808612
greedy,19.00,398.500000,12.527747,14.800000,3.259175,413.300000,14.189589
greedy,19.25,402.700000,14.704874,13.200000,2.529822,415.900000,15.110335
greedy,19.50,399.200000,25.849135,14.600000,4.005552,413.800000,24.863181
greedy,19.75,418.000000,17.262677,13.700000,4.945256,431.700000,17.333654
greedy,20.00,418.600000,13.672357,12.600000,3.470511,431.200000,11.951755
greedy,20.25,419.100000,22.985261,14.700000,4.137901,433.800000,22.029273
greedy,20.50,412.400000,26.721610,14.900000,2.378141,427.300000,26.457723
greedy,20.75,414.300000,16.152399,13.300000,4.270051,427.600000,15.370968
greedy,21.00,428.100000,19.969143,15.000000,2.943920,443.100000,20.674461
greedy,21.25,420.200000,16.678662,14.300000,4.571652,434.500000,19.397881
greedy,21.50,418.300000,20.369094,14.200000,3.190263,432.500000,22.287266
greedy,21.75,426.200000,18.593906,13.100000,4.306326,439.300000,20.450754
greedy,22.00,420.700000,17.397637,12.600000,3.717825,433.300000,18.221172
greedy,22.25,413.000000,23.213980,15.200000,3.881580,428.200000,23.384705
greedy,22.50,406.000000,17.224014,16.800000,3.155243,422.800000,16.651994
greedy,22.75,403.800000,14.296853,15.900000,5.466057,419.700000,12.771931
greedy,23.00,405.200000,23.649289,15.600000,4.033196,420.800000,24.805017
greedy,23.25,405.300000,21.338801,13.900000,1.911951,419.200000,22.190088
greedy,23.50,409.700000,18.909433,13.500000,3.894440,423.200000,20.519909
greedy,23.75,416.100000,20.129856,14.800000,1.932184,430.900000,20.118814
greedy,24.00,410.100000,12.493999,16.600000,3.062316,426.700000,12.780628
greedy,24.25,398.900000,20.195984,15.800000,3.489667,414.700000,20.559129
greedy,24.50,393.200000,23.658684,15.400000,3.098387,408.600000,21.940323
greedy,24.75,399.900000,20.760272,14.900000,3.956710,414.800000,21.852028
greedy,25.00,397.500000,20.321035,14.100000,3.414023,411.600000,21.726584
greedy,25.25,407.100000,28.949957,12.900000,2.846050,420.000000,29.242283
greedy,25.50,403.500000,21.355457,14.900000,2.078995,418.400000,21.711236
greedy,25.75,412.300000,21.370021,14.100000,2.078995,426.400000,20.249554
greedy,26.00,415.200000,22.448954,15.200000,2.936362,430.400000,21.308319
greedy,26.25,413.600000,31.826614,12.300000,2.790858,425.900000,31.142861
greedy,26.50,406.700000,23.837645,14.600000,4.247875,421.300000,26.487104
greedy,26.75,399.300000,16.859221,15.100000,2.024846,414.400000,16.886550
greedy,27.00,404.000000,22.050447,15.100000,4.532598,419.100000,20.322128
greedy,27.25,411.600000,21.360399,15.200000,4.157991,426.800000,19.537997
greedy,27.50,411.800000,32.234557,13.500000,4.352522,425.300000,34.554466
greedy,27.75,406.600000,23.707477,16.000000,3.265986,422.600000,21.894697
greedy,28.00,397.600000,13.175735,17.400000,3.306559,415.000000,13.515423
greedy,28.25,395.300000,21.592437,16.200000,3.823901,411.500000,22.897113
greedy,28.50,405.300000,16.138635,14.900000,2.643651,420.200000,16.205623
greedy,28.75,398.200000,17.586611,14.500000,1.957890,412.700000,17.179122
greedy,29.00,393.400000,16.412732,14.800000,3.293090,408.200000,17.881089
greedy,29.25,388.000000,20.248457,15.000000,4.294700,403.000000,21.468323
greedy,29.50,401.100000,24.758612,16.200000,3.614784,417.300000,24.290144
greedy,29.75,412.600000,24.350222,14.700000,2.945807,427.300000,22.949461
greedy,30.00,426.700000,13.391954,16.900000,3.573047,443.600000,11.786998
greedy,30.25,416.300000,17.651251,14.800000,2.859681,431.100000,17.483008
greedy,30.50,416.100000,19.592799,13.100000,2.643651,429.200000,21.306233
greedy,30.75,417.200000,20.762145,14.900000,3.956710,432.100000,21.717632
greedy,31.00,413.500000,19.973594,13.800000,3.155243,427.300000,19.697998
greedy,31.25,409.700000,16.740171,14.500000,2.915476,424.200000,16.956153
greedy,31.50,391.800000,22.523075,17.000000,3.741657,408.800000,23.455869
greedy,31.75,406.300000,30.897860,17.100000,4.458450,423.400000,31.924216
greedy,32.00,409.100000,32.715779,16.100000,4.794673,425.200000,31.456496
greedy,32.25,408.500000,25.708840,15.700000,4.295993,424.200000,24.178962
greedy,32.50,420.500000,25.522321,14.700000,3.560587,435.200000,27.369082
greedy,32.75,418.300000,27.801079,13.000000,2.211083,431.300000,27.455216
greedy,33.00,417.800000,29.585282,14.200000,4.417138,432.000000,28.189833
greedy,33.25,423.700000,20.232262,16.100000,2.884826,439.800000,21.332292
greedy,33.50,421.700000,28.624193,13.400000,2.458545,435.100000,28.563574
greedy,33.75,421.000000,36.402076,15.600000,3.502380,436.600000,33.820441
greedy,34.00,418.100000,23.628843,13.500000,2.505549,431.600000,24.931907
greedy,34.25,416.100000,25.989100,14.100000,3.348300,430.200000,23.873742
greedy,34.50,408.800000,13.356646,15.600000,3.893014,424.400000,12.456145
greedy,34.75,413.400000,15.938772,14.000000,4.189935,427.400000,15.840875
greedy,35.00,395.000000,27.728846,14.500000,3.566822,409.500000,27.068842
greedy,35.25,400.600000,32.711534,14.400000,3.272783,415.000000,31.580585
greedy,35.50,415.900000,27.049132,14.200000,4.756282,430.100000,24.722684
greedy,35.75,416.100000,24.369608,14.600000,3.169297,430.700000,22.818365
greedy,36.00,423.700000,24.000231,14.800000,3.119829,438.500000,22.974624
greedy,36.25,407.800000,17.618172,13.700000,3.743142,421.500000,17.665094
greedy,36.50,422.800000,19.013446,14.200000,1.813529,437.000000,19.350567
greedy,36.75,415.100000,29.300929,16.400000,2.716207,431.500000,29.556913
greedy,37.00,413.300000,21.848214,15.500000,3.407508,428.800000,23.078610
greedy,37.25,402.900000,17.316979,15.200000,3.910101,418.100000,17.797940
greedy,37.50,414.400000,20.034415,15.800000,3.259175,430.200000,21.744987
greedy,37.75,416.200000,27.324389,14.200000,3.910101,430.400000,27.358525
greedy,38.00,409.000000,25.482020,15.400000,3.565265,424.400000,25.325437
greedy,38.25,405.000000,24.612553,15.700000,2.213594,420.700000,25.148669
greedy,38.50,415.000000,28.990420,14.700000,2.584140,429.700000,27.848998
greedy,38.75,421.700000,18.909433,16.400000,3.565265,438.100000,20.162947
greedy,39.00,424.200000,24.947946,14.100000,2.514403,438.300000,26.077023
greedy,39.25,419.200000,29.943651,14.200000,3.938415,433.400000,28.433939
greedy,39.50,422.700000,21.883784,13.300000,3.560587,436.000000,21.380157
greedy,39.75,419.100000,15.863655,11.700000,2.496664,430.800000,14.558693
greedy,40.00,412.800000,17.047646,14.600000,3.134042,427.400000,16.594510
greedy,40.25,408.400000,8.733079,16.100000,2.424413,424.500000,7.891627
greedy,40.50,408.300000,19.647165,15.300000,4.522782,423.600000,18.922062
greedy,40.75,400.600000,18.614212,14.600000,2.988868,415.200000,19.147382
greedy,41.00,404.800000,19.707866,14.500000,3.807887,419.300000,18.348781
greedy,41.25,400.800000,17.843766,15.700000,2.907844,416.500000,16.581449
greedy,41.50,404.500000,19.687842,13.900000,4.094712,418.400000,18.470397
greedy,41.75,410.200000,16.890497,15.800000,3.910101,426.000000,15.165751
greedy,42.00,402.700000,15.923777,16.900000,2.183270,419.600000,16.235763
greedy,42.25,405.400000,19.248088,14.800000,3.794733,420.200000,21.112398
greedy,42.50,398.500000,24.441540,14.500000,2.798809,413.000000,24.612553
greedy,42.75,400.000000,27.551971,13.700000,5.100109,413.700000,24.859829
greedy,43.00,405.400000,26.200933,13.600000,3.339993,419.000000,24.621580
greedy,43.25,408.300000,26.068500,14.700000,3.772709,423.000000,27.620443
greedy,43.50,406.900000,28.811456,12.700000,3.335000,419.600000,28.922118
greedy,43.75,401.200000,22.826885,13.600000,3.025815,414.800000,21.988886
greedy,44.00,402.200000,18.437884,12.500000,2.368778,414.700000,18.973959
greedy,44.25,404.100000,27.926292,15.400000,2.366432,419.500000,27.913557
greedy,44.50,395.200000,25.174061,16.700000,2.540779,411.900000,25.198986
greedy,44.75,406.400000,22.750824,14.300000,4.164666,420.700000,19.630192
greedy,45.00,403.500000,19.614337,14.100000,2.884826,417.600000,19.345973
greedy,45.25,403.700000,24.239774,11.500000,1.900292,415.200000,25.032423
greedy,45.50,410.300000,21.827862,15.000000,3.496029,425.300000,21.756481
greedy,45.75,411.300000,23.912108,14.100000,3.034981,425.400000,24.400364
greedy,46.00,415.300000,21.648967,14.600000,3.502380,429.900000,22.781328
greedy,46.25,417.800000,29.464857,14.800000,3.966527,432.600000,29.922864
greedy,46.50,421.600000,21.711236,15.600000,2.633122,437.200000,20.546965
greedy,46.75,411.900000,22.328109,14.300000,1.888562,426.200000,21.529308
greedy,47.00,416.000000,22.895900,14.300000,2.311805,430.300000,21.654099
greedy,47.25,419.700000,21.771796,16.200000,3.359894,435.900000,20.967965
greedy,47.50,416.000000,19.026298,15.400000,4.550946,431.400000,19.044976
greedy,47.75,414.200000,23.686846,14.600000,2.118700,428.800000,23.649289
greedy,48.00,410.100000,25.523192,13.100000,2.846050,423.200000,24.530253
greedy,48.25,415.200000,16.130027,14.900000,3.754997,430.100000,16.888194
greedy,48.50,424.200000,21.513820,14.700000,3.020302,438.900000,22.614892
greedy,48.75,422.800000,28.192986,15.100000,3.842742,437.900000,26.768348
greedy,49.00,411.500000,25.078765,14.800000,3.190263,426.300000,24.290144
greedy,49.25,414.700000,25.403631,13.600000,2.011080,428.300000,26.360956
greedy,49.50,412.200000,22.739100,14.000000,3.091206,426.200000,24.357522
greedy,49.75,412.600000,17.914612,14.300000,2.830391,426.900000,18.823449
greedy,50.00,407.500000,19.207927,13.800000,4.289522,421.300000,19.373808
greedy,50.25,408.700000,21.473757,14.000000,3.620927,422.700000,21.802395
greedy,50.50,409.100000,16.868445,14.700000,2.907844,423.800000,15.690053
greedy,50.75,411.100000,14.332946,14.800000,2.658320,425.900000,14.677647
greedy,51.00,409.500000,19.856429,12.800000,3.359894,422.300000,19.647165
greedy,51.25,400.900000,24.501474,15.600000,4.599517,416.500000,24.780144
greedy,51.50,398.800000,23.724343,16.300000,3.945462,415.100000,21.702278
greedy,51.75,409.000000,25.768197,13.800000,3.614784,422.800000,24.457673
greedy,52.00,408.400000,27.488179,14.000000,2.867442,422.400000,26.378442
greedy,52.25,400.000000,22.514193,15.100000,2.558211,415.100000,23.115411
greedy,52.50,398.100000,20.338524,15.600000,2.547330,413.700000,19.413913
greedy,52.75,407.200000,29.104410,14.500000,4.301163,421.700000,29.356241
greedy,53.00,420.900000,25.817522,13.000000,3.681787,433.900000,24.825838
greedy,53.25,421.600000,26.022213,14.000000,2.708013,435.600000,24.748513
greedy,53.50,412.400000,22.979218,14.500000,3.100179,426.900000,21.926392
greedy,53.75,412.200000,28.611575,13.100000,4.433459,425.300000,30.994802
greedy,54.00,399.400000,28.740989,15.000000,4.136558,414.400000,30.247865
greedy,54.25,407.500000,24.116615,18.500000,1.649916,426.000000,23.357131
greedy,54.50,410.700000,21.390808,13.400000,3.657564,424.100000,21.860416
greedy,54.75,401.100000,26.921491,13.200000,3.224903,414.300000,26.297655
greedy,55.00,405.000000,14.087031,15.200000,5.006662,420.200000,13.958669
greedy,55.25,401.300000,21.061022,14.300000,3.529243,415.600000,21.427915
greedy,55.50,409.200000,19.876284,13.800000,4.341019,423.000000,20.099751
greedy,55.75,422.500000,22.559797,14.200000,3.047768,436.700000,22.370864
greedy,56.00,409.200000,25.292950,14.900000,5.237684,424.100000,25.722666
greedy,56.25,410.500000,24.332192,14.000000,3.527668,424.500000,23.787251
greedy,56.50,407.100000,21.100026,14.700000,3.368151,421.800000,21.332292
greedy,56.75,409.500000,25.949738,13.500000,3.472111,423.000000,24.585452
greedy,57.00,423.600000,25.717266,14.600000,2.412928,438.200000,26.922935
greedy,57.25,406.100000,27.127067,15.200000,3.705851,421.300000,27.904798
greedy,57.50,415.500000,25.131874,12.800000,3.425395,428.300000,27.072126
greedy,57.75,409.700000,21.633564,13.800000,3.994441,423.500000,23.358320
greedy,58.00,413.500000,20.554805,15.600000,4.168666,429.100000,19.433362
greedy,58.25,410.500000,19.636983,14.300000,3.020302,424.800000,19.240005
greedy,58.50,413.000000,17.882331,13.700000,1.888562,426.700000,17.913682
greedy,58.75,411.700000,22.803752,15.000000,2.449490,426.700000,22.025490
greedy,59.00,409.800000,21.714307,13.900000,3.573047,423.700000,20.666935
greedy,59.25,410.300000,20.094499,14.800000,4.516636,425.100000,22.447222
greedy,59.50,414.100000,28.753551,15.100000,2.424413,429.200000,29.634064
greedy,59.75,422.300000,17.029713,14.400000,3.565265,436.700000,18.631216
greedy,60.00,415.700000,16.159277,14.000000,2.624669,429.700000,17.282297
greedy,60.25,408.100000,18.064391,12.500000,2.877113,420.600000,15.875908
greedy,60.50,407.800000,25.138726,14.700000,3.368151,422.500000,25.885431
greedy,60.75,413.600000,23.157432,15.900000,3.142893,429.500000,24.721785
greedy,61.00,415.700000,26.766687,13.600000,3.204164,429.300000,26.149357
greedy,61.25,412.800000,28.985820,15.700000,3.497618,428.500000,28.020826
greedy,61.50,406.300000,31.290929,14.200000,4.077036,420.500000,31.024184
greedy,61.75,399.700000,37.181387,16.900000,3.142893,416.600000,39.356490
greedy,62.00,400.700000,25.011331,14.800000,3.794733,415.500000,24.550402
greedy,62.25,403.400000,23.505082,14.200000,3.155243,417.600000,22.086698
greedy,62.50,406.200000,21.342706,16.100000,2.183270,422.300000,22.558812
greedy,62.75,419.900000,25.176929,16.600000,2.011080,436.500000,24.523232
greedy,63.00,418.200000,11.839670,12.100000,3.142893,430.300000,12.579083
greedy,63.25,411.900000,18.988008,16.600000,2.319004,428.500000,18.179659
greedy,63.50,418.000000,31.517191,14.500000,3.064129,432.500000,32.793123
greedy,63.75,410.400000,29.522872,14.400000,2.503331,424.800000,28.650383
greedy,64.00,408.300000,24.895560,14.500000,2.223611,422.800000,25.222565
greedy,64.25,402.300000,29.412960,14.900000,4.094712,417.200000,29.192084
greedy,64.50,411.600000,19.397594,16.700000,2.983287,428.300000,18.856475
greedy,64.75,412.200000,20.291213,14.600000,3.405877,426.800000,19.332184
greedy,65.00,409.800000,13.846781,16.300000,3.020302,426.100000,14.654920
greedy,65.25,414.900000,19.381836,15.900000,2.846050,430.800000,20.164876
greedy,65.50,404.200000,16.301329,14.900000,3.107339,419.100000,16.795833
greedy,65.75,412.700000,19.108172,14.500000,2.990726,427.200000,18.140195
greedy,66.00,411.600000,15.196491,14.800000,3.552777,426.400000,15.443085
greedy,66.25,417.700000,16.316658,14.200000,2.973961,431.900000,17.419338
greedy,66.50,413.300000,22.910696,13.500000,4.428443,426.800000,22.309938
greedy,66.75,410.200000,12.345039,15.300000,4.056545,425.500000,12.642521
greedy,67.00,410.700000,17.663836,15.600000,2.590581,426.300000,17.204973
greedy,67.25,406.400000,21.685633,14.200000,2.820559,420.600000,21.757247
greedy,67.50,407.700000,20.022487,13.200000,3.084009,420.900000,20.717411
greedy,67.75,410.300000,21.669487,14.000000,3.091206,424.300000,21.034628
greedy,68.00,411.500000,25.833871,12.900000,2.424413,424.400000,26.575678
greedy,68.25,414.400000,20.844397,14.900000,2.685351,429.300000,19.402463
greedy,68.50,402.900000,18.345148,14.300000,2.983287,417.200000,17.047646
greedy,68.75,402.200000,24.211109,15.400000,3.657564,417.600000,23.281848
greedy,69.00,403.400000,15.945741,15.300000,3.860052,418.700000,14.040022
greedy,69.25,407.600000,23.561739,16.100000,2.514403,423.700000,21.995201
greedy,69.50,404.500000,17.076625,14.600000,4.195235,419.100000,16.427957
greedy,69.75,413.600000,12.139925,14.700000,2.710064,428.300000,13.089860
greedy,70.00,410.100000,16.271652,15.400000,2.412928,425.500000,17.128599
greedy,70.25,413.000000,22.499383,14.000000,3.197221,427.000000,22.005050
greedy,70.50,410.600000,23.646470,15.100000,3.446415,425.700000,25.875986
greedy,70.75,413.500000,17.958285,15.500000,3.374743,429.000000,20.303256
greedy,71.00,422.500000,20.748494,15.100000,3.178050,437.600000,21.741921
greedy,71.25,412.500000,21.230220,15.100000,2.923088,427.600000,22.331841
greedy,71.50,414.800000,18.329090,13.800000,3.119829,428.600000,19.248088
greedy,71.75,410.900000,21.475826,12.600000,2.412928,423.500000,23.205603
greedy,72.00,409.100000,21.121080,13.700000,2.626785,422.800000,19.937681
greedy,72.25,408.800000,27.474433,13.800000,2.201010,422.600000,27.023447
greedy,72.50,416.700000,23.475992,13.200000,3.852849,429.900000,23.974292
greedy,72.75,417.500000,26.441760,15.000000,4.642796,432.500000,23.670188
greedy,73.00,413.000000,22.065559,15.200000,3.852849,428.200000,21.306233
greedy,73.25,413.000000,24.106246,14.300000,1.337494,427.300000,23.338333
greedy,73.50,409.500000,21.665385,14.700000,2.406011,424.200000,21.943361
greedy,73.75,406.800000,25.336842,15.100000,4.306326,421.900000,26.218950
greedy,74.00,412.200000,30.886171,14.400000,3.405877,426.600000,29.071559
greedy,74.25,409.400000,36.857684,15.300000,4.691600,424.700000,33.496434
greedy,74.50,414.200000,28.619341,14.100000,3.984693,428.300000,30.510654
greedy,74.75,408.900000,28.819168,14.200000,3.425395,423.100000,27.794684
greedy,75.00,404.800000,31.111984,14.000000,2.708013,418.800000,31.015408
greedy,75.25,408.600000,17.050253,14.200000,2.616189,422.800000,16.877335
greedy,75.50,412.500000,28.230204,16.400000,3.627059,428.900000,29.598986
greedy,75.75,421.800000,14.778363,13.200000,2.780887,435.000000,15.613385
greedy,76.00,422.800000,28.086375,14.300000,4.595892,437.100000,28.819168
greedy,76.25,432.600000,21.588063,12.900000,4.040077,445.500000,22.785229
greedy,76.50,422.900000,21.625345,14.100000,3.754997,437.000000,21.489015
greedy,76.75,419.700000,17.499524,16.700000,3.831159,436.400000,16.167182
greedy,77.00,417.800000,16.012495,14.400000,3.438346,432.200000,15.619077
greedy,77.25,418.200000,18.772320,14.900000,3.348300,433.100000,17.012740
greedy,77.50,416.400000,18.875028,13.600000,3.470511,430.000000,17.575235
greedy,77.75,408.800000,18.581951,14.600000,4.247875,423.400000,17.212399
greedy,78.00,401.700000,22.141213,14.400000,2.366432,416.100000,22.854370
greedy,78.25,400.200000,17.750117,15.800000,3.084009,416.000000,17.159384
greedy,78.50,409.600000,12.920268,14.300000,2.540779,423.900000,12.956766
greedy,78.75,400.600000,21.008993,14.100000,4.794673,414.700000,18.074230
greedy,79.00,399.400000,23.205363,14.900000,4.701064,414.300000,22.871865
greedy,79.25,396.500000,23.604378,14.000000,2.538591,410.500000,22.202352
greedy,79.50,414.200000,21.785826,14.900000,3.573047,429.100000,22.668872
greedy,79.75,412.200000,20.660214,14.900000,4.228212,427.100000,20.300246
greedy,80.00,415.100000,27.057347,15.000000,2.867442,430.100000,26.701852
patient,0.00,0.000000,0.000000,0.000000,0.000000,0.000000,0.000000
patient,0.25,218.300000,11.614646,191.000000,15.099669,409.300000,13.106826
patient,0.50,382.700000,12.111060,285.700000,19.675422,668.400000,25.434884
patient,0.75,506.100000,12.105554,317.600000,20.386270,823.700000,26.153606
patient,1.00,611.500000,18.100031,343.000000,19.510681,954.500000,31.868654
patient,1.25,687.200000,24.661261,336.800000,20.536147,1024.000000,39.276796
patient,1.50,743.800000,21.852028,326.900000,23.173021,1070.700000,36.672878
patient,1.75,781.400000,28.860584,316.300000,25.042408,1097.700000,42.468420
patient,2.00,807.800000,33.021205,319.800000,24.970204,1127.600000,47.169199
patient,2.25,845.000000,22.295989,304.500000,34.590461,1149.500000,45.524719
patient,2.50,867.100000,30.559414,303.800000,20.032196,1170.900000,30.942420
patient,2.75,866.500000,29.117578,301.700000,17.340063,1168.200000,30.396637
patient,3.00,877.800000,26.736575,292.000000,22.827858,1169.800000,31.992360
patient,3.25,898.700000,39.225983,297.800000,26.757346,1196.500000,54.203833
patient,3.50,910.700000,43.207638,300.800000,19.182168,1211.500000,51.807872
patient,3.75,913.000000,42.297885,297.300000,18.979814,1210.300000,39.609342
patient,4.00,905.200000,43.289208,299.600000,13.696715,1204.800000,48.237376
patient,4.25,910.600000,40.299435,310.300000,17.776701,1220.900000,47.782958
patient,4.50,915.700000,45.104939,297.100000,17.546446,1212.800000,55.028881
patient,4.75,920.600000,36.469774,302.400000,18.264720,1223.000000,37.261836
patient,5.00,923.200000,18.029605,289.700000,13.736003,1212.900000,18.320905
patient,5.25,913.700000,32.444996,298.700000,19.911192,1212.400000,37.636271
patient,5.50,912.600000,24.604426,297.600000,11.137524,1210.200000,22.215110
patient,5.75,910.000000,19.899749,298.000000,22.405357,1208.000000,28.252827
patient,6.00,919.400000,21.427915,287.500000,18.368149,1206.900000,22.022463
patient,6.25,931.800000,20.927388,284.300000,20.160743,1216.100000,21.753416
patient,6.50,937.900000,27.180262,280.500000,12.877629,1218.400000,27.897431
patient,6.75,940.100000,29.049574,276.000000,21.291626,1216.100000,32.586466
patient,7.00,938.800000,24.584548,286.800000,19.441079,1225.600000,32.616288
patient,7.25,934.400000,19.282692,297.800000,19.423926,1232.200000,23.639891
patient,7.50,937.400000,22.326865,303.700000,13.832731,1241.100000,24.641654
patient,7.75,931.500000,25.029982,300.000000,15.944348,1231.500000,28.687008
patient,8.00,923.100000,18.021284,302.200000,21.410278,1225.300000,28.323724
patient,8.25,916.300000,15.846836,287.500000,14.569756,1203.800000,25.125463
patient,8.50,920.900000,20.354907,291.000000,16.633300,1211.900000,25.518838
patient,8.75,924.200000,20.203410,297.800000,25.213753,1222.000000,38.995726
patient,9.00,924.400000,28.178794,300.900000,20.754919,1225.300000,42.486730
patient,9.25,923.700000,27.845008,298.000000,17.384540,1221.700000,24.184706
patient,9.50,927.300000,21.756481,297.300000,21.097920,1224.600000,32.149650
patient,9.75,920.500000,32.452529,298.400000,15.945741,1218.900000,40.809721
patient,10.00,915.600000,37.985962,294.300000,16.640312,1209.900000,45.559363
patient,10.25,921.000000,28.118796,289.900000,18.302702,1210.900000,38.874299
patient,10.50,929.300000,44.472338,297.400000,22.026247,1226.700000,46.989479
patient,10.75,933.100000,39.909481,291.600000,24.418572,1224.700000,50.839726
patient,11.00,929.700000,38.259494,291.500000,17.677670,1221.200000,44.218649
patient,11.25,931.600000,33.227164,290.700000,12.684636,1222.300000,40.116636
patient,11.50,923.800000,35.171959,299.100000,21.094760,1222.900000,44.660323
patient,11.75,930.300000,33.243379,293.400000,27.705595,1223.700000,53.497767
patient,12.00,928.400000,34.715350,295.100000,26.408963,1223.500000,50.570633
patient,12.25,936.600000,36.503272,297.400000,19.443365,1234.000000,38.334783
patient,12.50,923.700000,31.087868,298.700000,23.561032,1222.400000,32.459205
patient,12.75,933.300000,30.280357,293.700000,14.032106,1227.000000,20.875291
patient,13.00,928.300000,27.560237,292.900000,15.821575,1221.200000,32.485210
patient,13.25,921.000000,29.649808,275.400000,14.009521,1196.400000,35.465789
patient,13.50,920.800000,27.112113,283.200000,22.299975,1204.000000,30.771560
patient,13.75,928.200000,21.709189,291.100000,17.741665,1219.300000,19.419635
patient,14.00,930.500000,34.526158,295.300000,14.712429,1225.800000,39.838005
patient,14.25,924.900000,30.588487,295.300000,27.576359,1220.200000,44.715893
patient,14.50,927.700000,40.332094,292.200000,24.760183,1219.900000,57.764753
patient,14.75,936.800000,39.737472,302.700000,20.822264,1239.500000,44.302621
patient,15.00,933.700000,40.016802,297.500000,27.805875,1231.200000,40.970992
patient,15.25,929.000000,39.118055,299.800000,19.713504,1228.800000,43.893305
patient,15.50,937.100000,39.649716,304.000000,16.152055,1241.100000,46.928906
patient,15.75,929.100000,32.739545,299.700000,14.545331,1228.800000,34.563307
patient,16.00,937.100000,26.501363,299.600000,18.410142,1236.700000,32.758544
patient,16.25,939.500000,21.567723,297.800000,21.101869,1237.300000,39.336299
patient,16.50,934.200000,27.377201,297.300000,15.180763,1231.500000,35.059473
patient,16.75,934.100000,40.261506,296.800000,16.136914,1230.900000,43.643633
patient,17.00,941.400000,31.369483,298.300000,20.358182,1239.700000,33.293476
patient,17.25,943.200000,22.084685,293.600000,22.391467,1236.800000,30.792495
patient,17.50,947.500000,27.569105,288.900000,34.645667,1236.400000,49.556253
patient,17.75,942.200000,27.975386,282.700000,28.351171,1224.900000,46.080726
patient,18.00,944.000000,34.583233,284.200000,23.980548,1228.200000,50.435437
patient,18.25,937.600000,30.543957,301.200000,21.112398,1238.800000,35.946874
patient,18.50,933.200000,27.255173,295.200000,20.175893,1228.400000,30.714456
patient,18.75,932.900000,25.092938,298.900000,9.550451,1231.800000,29.195890
patient,19.00,936.500000,24.217762,288.300000,19.771191,1224.800000,32.778041
patient,19.25,943.900000,32.212661,294.300000,18.141726,1238.200000,33.469057
patient,19.50,943.400000,30.656520,290.900000,19.203298,1234.300000,41.716104
patient,19.75,934.500000,36.936131,290.300000,18.985667,1224.800000,43.396876
patient,20.00,948.200000,37.487183,297.400000,17.715028,1245.600000,44.642282
patient,20.25,946.600000,21.726584,287.700000,24.463351,1234.300000,27.178627
patient,20.50,948.600000,19.201852,285.700000,19.630192,1234.300000,23.171103
patient,20.75,952.100000,16.736188,287.500000,14.370108,1239.600000,19.816940
patient,21.00,950.300000,22.818365,284.500000,21.578024,1234.800000,24.516661
patient,21.25,939.100000,29.953482,289.000000,25.434010,1228.100000,33.268103
patient,21.50,941.200000,32.761088,286.700000,20.843597,1227.900000,31.006988
patient,21.75,948.000000,26.259390,296.300000,20.243243,1244.300000,34.515858
patient,22.00,950.800000,22.924029,294.500000,21.793220,1245.300000,34.746862
patient,22.25,957.900000,31.324289,287.400000,19.828151,1245.300000,40.683193
patient,22.50,949.400000,25.197884,283.300000,24.212256,1232.700000,36.432739
patient,22.75,938.500000,19.190565,295.800000,20.093117,1234.300000,34.682849
patient,23.00,937.300000,21.390808,288.100000,17.527439,1225.400000,25.491611
patient,23.25,936.800000,30.527947,295.500000,16.965652,1232.300000,39.268449
patient,23.50,942.700000,43.176768,297.300000,15.783606,1240.000000,55.186552
patient,23.75,934.000000,40.843876,292.400000,18.922062,1226.400000,45.250414
patient,24.00,941.000000,25.794056,282.800000,22.714655,1223.800000,29.649058
patient,24.25,933.400000,28.706174,280.000000,23.902580,1213.400000,33.407251
patient,24.50,934.700000,28.217607,286.700000,13.482911,1221.400000,20.446135
patient,24.75,936.600000,37.104058,289.500000,20.972204,1226.100000,53.803036
patient,25.00,952.200000,22.039359,296.300000,14.514743,1248.500000,26.094912
patient,25.25,952.400000,27.158792,309.000000,24.018511,1261.400000,44.003030
patient,25.50,936.500000,30.460357,295.800000,20.059910,1232.300000,45.065508
patient,25.75,950.000000,26.478503,295.800000,13.862820,1245.800000,28.494834
patient,26.00,941.200000,27.413703,290.000000,18.306040,1231.200000,24.746717
patient,26.25,935.000000,30.601380,292.200000,13.381579,1227.200000,29.607807
patient,26.50,929.500000,34.026950,292.000000,16.090025,1221.500000,35.286919
patient,26.75,926.000000,37.157323,298.200000,22.304957,1224.200000,46.794587
patient,27.00,926.900000,31.469385,299.100000,23.023901,1226.000000,32.927530
patient,27.25,934.000000,31.051928,303.600000,22.227111,1237.600000,35.932653
patient,27.50,936.600000,36.350760,298.400000,19.563004,1235.000000,38.537139
patient,27.75,929.500000,30.920148,297.900000,24.218680,1227.400000,46.595660
patient,28.00,924.200000,26.473467,297.300000,24.147924,1221.500000,44.930193
patient,28.25,944.100000,24.282824,296.000000,21.478672,1240.100000,33.573965
patient,28.50,939.300000,29.265262,298.800000,19.286149,1238.100000,35.834341
patient,28.75,941.800000,36.593260,294.100000,23.182608,1235.900000,38.549968
patient,29.00,945.100000,28.108718,290.600000,19.523206,1235.700000,32.397016
patient,29.25,947.300000,23.697398,295.800000,18.078840,1243.100000,24.296548
patient,29.50,938.000000,27.251911,298.200000,17.034605,1236.200000,29.585282
patient,29.75,938.500000,25.211329,291.700000,22.881579,1230.200000,33.953563
patient,30.00,939.100000,24.695704,300.100000,13.963842,1239.200000,25.174061
patient,30.25,943.200000,20.847595,292.400000,21.035420,1235.600000,22.657841
patient,30.50,930.000000,21.873373,281.000000,24.257874,1211.000000,40.072157
patient,30.75,920.400000,26.412118,285.600000,27.076845,1206.000000,44.219151
patient,31.00,919.400000,38.482897,290.000000,15.705625,1209.400000,49.336036
patient,31.25,919.200000,35.228776,285.400000,17.308957,1204.600000,37.208721
patient,31.50,927.800000,32.866058,288.200000,18.115678,1216.000000,44.703965
patient,31.75,918.600000,32.476316,289.500000,12.580850,1208.100000,38.811367
patient,32.00,925.500000,31.038507,295.500000,15.313393,1221.000000,38.795762
patient,32.25,937.000000,29.870089,290.600000,27.431531,1227.600000,34.622408
patient,32.50,924.500000,33.945217,290.100000,19.139546,1214.600000,42.182672
patient,32.75,931.900000,26.925618,292.700000,19.989164,1224.600000,34.312939
patient,33.00,936.500000,33.840311,297.800000,10.891383,1234.300000,36.420538
patient,33.25,935.600000,27.338211,298.700000,25.135411,1234.300000,38.485351
patient,33.50,936.200000,29.720176,290.800000,18.365426,1227.000000,40.318179
patient,33.75,931.400000,29.375727,286.600000,16.899704,1218.000000,41.174426
patient,34.00,929.300000,22.857287,292.300000,16.425252,1221.600000,28.979686
patient,34.25,927.400000,22.066566,289.800000,14.195461,1217.200000,29.035610
patient,34.50,927.100000,23.402042,290.900000,16.629626,1218.000000,30.022214
patient,34.75,938.600000,25.456717,290.800000,17.370473,1229.400000,23.429326
patient,35.00,931.800000,36.979874,288.200000,25.555169,1220.000000,50.992374
patient,35.25,930.500000,39.903355,290.900000,19.638115,1221.400000,50.566128
patient,35.50,934.100000,40.012359,294.100000,20.957364,1228.200000,54.913670
patient,35.75,940.200000,35.149838,291.500000,15.211472,1231.700000,31.721181
patient,36.00,937.800000,28.408919,295.200000,18.896208,1233.000000,31.280097
patient,36.25,947.600000,29.785157,295.800000,19.724773,1243.400000,41.465380
patient,36.50,941.000000,33.169598,304.100000,21.589349,1245.100000,47.287419
patient,36.75,950.500000,36.295852,297.600000,11.462015,1248.100000,41.482125
patient,37.00,943.000000,30.879695,290.000000,14.757296,1233.000000,28.600699
patient,37.25,934.400000,29.684264,291.900000,28.045400,1226.300000,45.038379
patient,37.50,943.200000,33.488970,300.800000,20.590181,1244.000000,41.020320
patient,37.75,938.900000,26.172292,299.500000,16.188130,1238.400000,36.074614
patient,38.00,950.600000,25.399913,299.500000,22.386752,1250.100000,42.162253
patient,38.25,939.200000,29.895373,295.000000,26.461712,1234.200000,33.392614
patient,38.50,938.300000,26.994032,290.400000,21.245653,1228.700000,31.496208
patient,38.75,935.500000,33.447305,287.300000,24.648867,1222.800000,44.626350
patient,39.00,937.000000,28.405790,292.800000,21.482810,1229.800000,34.224098
patient,39.25,931.700000,25.707975,290.200000,18.558017,1221.900000,32.905420
patient,39.50,921.600000,22.490492,295.300000,22.988161,1216.900000,39.486847
patient,39.75,929.800000,25.823331,285.900000,17.162297,1215.700000,32.506581
patient,40.00,931.700000,14.032106,296.900000,20.452927,1228.600000,21.562313
patient,40.25,926.400000,15.342027,293.800000,15.901083,1220.200000,19.752918
patient,40.50,919.200000,26.657498,289.200000,19.240005,1208.400000,31.373025
patient,40.75,931.800000,24.082266,283.800000,13.717791,1215.600000,16.310869
patient,41.00,936.100000,19.829551,284.100000,21.855332,1220.200000,20.874227
patient,41.25,929.100000,26.880187,295.000000,14.406789,1224.100000,20.008054
patient,41.50,931.300000,34.325404,285.500000,23.391594,1216.800000,43.445496
patient,41.75,926.500000,32.028633,293.800000,16.936483,1220.300000,35.295735
patient,42.00,928.300000,28.091319,296.500000,17.212721,1224.800000,32.334364
patient,42.25,924.700000,28.558128,292.800000,18.629725,1217.500000,36.154760
patient,42.50,930.000000,27.471197,296.100000,21.517177,1226.100000,26.163800
patient,42.75,939.200000,24.885516,286.700000,13.115301,1225.900000,20.080117
patient,43.00,933.500000,30.576861,286.500000,24.618196,1220.000000,39.395431
patient,43.25,935.600000,40.604324,282.800000,14.935417,1218.400000,45.911025
patient,43.50,922.900000,33.080541,282.100000,16.894772,1205.000000,37.303560
patient,43.75,930.800000,22.369622,278.700000,14.391741,1209.500000,30.482235
patient,44.00,932.900000,26.036086,284.700000,18.862367,1217.600000,40.841700
patient,44.25,937.700000,31.805136,289.300000,15.195394,1227.000000,40.450244
patient,44.50,936.700000,39.774503,297.400000,14.120120,1234.100000,39.686130
patient,44.75,945.800000,40.005000,295.300000,20.450754,1241.100000,27.375780
patient,45.00,937.500000,35.422058,310.300000,20.934023,1247.800000,29.317420
patient,45.25,941.100000,45.157625,302.200000,14.710540,1243.300000,47.008392
patient,45.50,943.000000,27.022624,292.600000,17.945597,1235.600000,37.642175
patient,45.75,935.000000,28.142495,289.200000,21.882515,1224.200000,39.069169
patient,46.00,941.900000,21.475826,293.500000,16.022554,1235.400000,30.848015
patient,46.25,934.300000,25.897447,288.800000,18.262287,1223.100000,24.668694
patient,46.50,937.700000,35.317764,291.900000,21.532663,1229.600000,45.397504
patient,46.75,937.200000,30.367380,287.700000,24.504195,1224.900000,46.862565
patient,47.00,926.600000,32.170380,298.100000,19.301410,1224.700000,37.932835
patient,47.25,929.400000,28.044409,292.500000,16.668333,1221.900000,27.057347
patient,47.50,928.800000,29.536418,284.700000,16.983979,1213.500000,32.318725
patient,47.75,926.500000,24.409698,291.100000,24.015967,1217.600000,29.781426
patient,48.00,929.400000,35.192171,292.400000,14.276632,1221.800000,34.220851
patient,48.25,925.300000,28.004166,298.500000,12.057731,1223.800000,31.033315
patient,48.50,921.300000,28.464598,285.000000,14.015864,1206.300000,29.409182
patient,48.75,912.400000,34.887757,288.100000,13.245125,1200.500000,34.364872
patient,49.00,916.700000,46.058055,293.400000,17.076299,1210.100000,41.858094
patient,49.25,921.800000,43.835044,303.600000,23.400855,1225.400000,44.791368
patient,49.50,926.400000,46.070477,309.300000,15.275616,1235.700000,40.715954
patient,49.75,928.100000,33.228000,306.700000,18.541545,1234.800000,30.835766
patient,50.00,930.900000,27.662449,298.300000,20.390902,1229.200000,25.572555
patient,50.25,926.500000,11.128043,297.800000,22.384518,1224.300000,26.499686
patient,50.50,935.500000,15.608046,298.800000,12.994016,1234.300000,18.233364
patient,50.75,929.800000,21.091336,291.900000,13.723054,1221.700000,25.738212
patient,51.00,922.300000,27.540072,289.300000,20.640037,1211.600000,35.173222
patient,51.25,919.200000,28.882136,294.000000,18.973666,1213.200000,41.864331
patient,51.50,924.900000,29.038098,291.700000,16.526410,1216.600000,29.922864
patient,51.75,927.300000,28.940744,291.900000,17.457568,1219.200000,28.177217
patient,52.00,927.800000,17.267825,288.300000,26.128103,1216.100000,25.774449
patient,52.25,923.700000,34.759651,290.100000,19.985828,1213.800000,47.052689
patient,52.50,928.900000,34.974435,296.500000,19.213710,1225.400000,43.261993
patient,52.75,935.800000,45.180625,288.900000,23.610026,1224.700000,41.523889
patient,53.00,939.300000,44.022848,289.000000,20.661290,1228.300000,53.339687
patient,53.25,941.500000,46.152525,301.000000,12.613925,1242.500000,53.684780
patient,53.50,947.100000,46.777131,299.000000,24.962194,1246.100000,67.437955
patient,53.75,957.600000,44.382679,301.800000,28.897520,1259.400000,64.661855
patient,54.00,952.200000,40.734370,295.400000,20.908265,1247.600000,56.594464
patient,54.25,956.100000,31.295900,296.000000,27.912562,1252.100000,47.766678
patient,54.50,954.500000,31.707868,292.700000,26.123850,1247.200000,44.931553
patient,54.75,956.900000,22.318154,295.400000,16.399187,1252.300000,26.128103
patient,55.00,959.700000,19.545105,287.400000,22.838564,1247.100000,18.531954
patient,55.25,951.700000,23.442838,287.000000,21.317703,1238.700000,22.915545
patient,55.50,949.300000,29.409182,280.600000,25.509040,1229.900000,47.556867
patient,55.75,947.200000,32.822079,286.600000,17.205942,1233.800000,43.499170
patient,56.00,944.100000,30.729826,283.300000,19.950216,1227.400000,46.555105
patient,56.25,944.300000,20.188280,280.900000,25.070789,1225.200000,29.237723
patient,56.50,939.200000,22.967610,280.500000,17.296435,1219.700000,31.857495
patient,56.75,929.700000,20.396350,283.600000,19.783270,1213.300000,30.915836
patient,57.00,923.300000,23.546880,291.000000,21.643577,1214.300000,31.258954
patient,57.25,919.000000,30.236108,289.500000,22.510491,1208.500000,38.532093
patient,57.50,922.300000,25.517097,292.300000,17.333654,1214.600000,29.136461
patient,57.75,926.900000,39.602048,297.600000,17.321791,1224.500000,43.313457
patient,58.00,931.000000,30.051807,293.600000,22.579243,1224.600000,44.907807
patient,58.25,921.100000,22.273302,294.800000,18.623760,1215.900000,34.219715
patient,58.50,913.500000,23.576118,287.500000,12.483322,1201.000000,26.845235
patient,58.75,913.700000,16.492759,291.900000,24.510542,1205.600000,32.359783
patient,59.00,923.400000,23.594726,288.400000,19.788886,1211.800000,37.826505
patient,59.25,927.100000,13.625548,293.500000,13.209845,1220.600000,21.240423
patient,59.50,948.500000,18.536750,299.300000,11.175867,1247.800000,23.136311
patient,59.75,943.600000,24.061034,290.600000,20.737513,1234.200000,33.085076
patient,60.00,934.300000,20.445320,289.300000,7.601900,1223.600000,23.931383
patient,60.25,948.800000,29.910236,295.400000,18.945536,1244.200000,31.706291
patient,60.50,938.100000,17.854038,289.500000,22.406596,1227.600000,24.070268
patient,60.75,933.100000,22.367884,290.100000,17.291295,1223.200000,28.291341
patient,61.00,933.300000,18.661011,299.100000,17.872698,1232.400000,29.436183
patient,61.25,929.100000,25.084081,300.000000,21.260292,1229.100000,33.791682
patient,61.50,930.400000,27.725640,292.200000,12.541487,1222.600000,36.709672
patient,61.75,942.500000,31.889566,296.000000,17.863681,1238.500000,27.035984
patient,62.00,952.200000,22.429148,289.400000,22.001010,1241.600000,32.146194
patient,62.25,945.500000,28.461475,298.000000,15.187714,1243.500000,29.284998
patient,62.50,941.500000,31.721882,293.500000,19.962465,1235.000000,40.323690
patient,62.75,936.600000,35.849066,293.500000,16.906606,1230.100000,46.397917
patient,63.00,934.000000,31.846856,294.300000,16.660332,1228.300000,36.034089
patient,63.25,932.300000,25.069016,287.400000,19.878520,1219.700000,32.707627
patient,63.50,916.700000,28.604778,290.100000,20.636806,1206.800000,31.147677
patient,63.75,911.200000,28.778078,288.200000,23.564569,1199.400000,36.043801
patient,64.00,906.900000,26.739276,288.700000,20.553724,1195.600000,32.554911
patient,64.25,910.700000,20.715265,296.600000,20.145030,1207.300000,29.341097
patient,64.50,910.000000,23.776739,295.500000,16.399526,1205.500000,27.933453
patient,64.75,911.600000,24.070268,307.400000,20.630075,1219.000000,38.655171
patient,65.00,911.900000,21.189358,298.000000,25.660172,1209.900000,36.698320
patient,65.25,925.700000,19.799270,296.800000,23.569283,1222.500000,37.452933
patient,65.50,921.300000,20.314472,291.800000,22.329850,1213.100000,33.955690
patient,65.75,919.900000,28.333137,295.400000,12.456145,1215.300000,37.085637
patient,66.00,918.500000,22.711965,290.900000,15.380001,1209.400000,34.692939
patient,66.25,916.400000,20.078734,292.500000,18.922356,1208.900000,29.455994
patient,66.50,909.700000,26.276521,303.000000,21.540659,1212.700000,41.569353
patient,66.75,922.000000,33.895264,303.000000,21.873373,1225.000000,46.628556
patient,67.00,927.000000,34.146742,290.900000,12.278708,1217.900000,40.026241
patient,67.25,933.800000,34.018949,296.300000,17.410406,1230.100000,37.248266
patient,67.50,926.600000,29.040967,281.300000,21.140009,1207.900000,31.715576
patient,67.75,935.300000,15.261062,293.300000,24.993555,1228.600000,32.571972
patient,68.00,936.000000,19.339080,299.200000,29.910236,1235.200000,43.196708
patient,68.25,936.300000,16.911863,302.000000,15.033296,1238.300000,19.765571
patient,68.50,922.300000,19.635852,294.700000,16.014230,1217.000000,21.092389
patient,68.75,924.900000,33.421384,299.400000,15.875908,1224.300000,36.799909
patient,69.00,920.000000,26.093848,297.100000,10.629623,1217.100000,27.163906
patient,69.25,915.800000,27.498687,294.400000,19.670621,1210.200000,35.430056
patient,69.50,907.200000,32.628549,287.900000,31.925086,1195.100000,52.326857
patient,69.75,906.300000,26.600125,288.400000,16.694643,1194.700000,35.390049
patient,70.00,904.900000,15.856649,288.500000,15.269796,1193.400000,19.631041
patient,70.25,912.000000,29.374970,287.100000,10.556199,1199.100000,35.871530
patient,70.50,912.400000,28.119586,292.000000,15.534907,1204.400000,38.913579
patient,70.75,919.600000,33.247222,300.400000,14.796396,1220.000000,39.146449
patient,71.00,915.100000,27.225193,302.600000,22.741054,1217.700000,37.809611
patient,71.25,909.700000,24.399681,290.000000,18.036999,1199.700000,33.313494
patient,71.50,912.700000,19.476767,290.300000,23.357369,1203.000000,25.315783
patient,71.75,904.000000,15.584893,282.600000,25.047510,1186.600000,22.697038
patient,72.00,910.200000,22.890075,287.400000,15.777621,1197.600000,22.011108
patient,72.25,898.700000,20.955243,298.400000,17.404980,1197.100000,26.476195
patient,72.50,909.000000,28.205594,297.100000,18.495946,1206.100000,35.457173
patient,72.75,921.700000,32.138762,299.300000,17.981781,1221.000000,28.464403
patient,73.00,930.200000,28.267767,295.000000,10.154364,1225.200000,29.419570
patient,73.25,941.900000,28.946119,292.000000,8.717798,1233.900000,28.286039
patient,73.50,934.600000,23.243637,297.900000,13.747323,1232.500000,33.622909
patient,73.75,931.600000,12.971764,295.800000,17.158088,1227.400000,25.548212
patient,74.00,933.300000,22.355959,292.900000,19.891092,1226.200000,36.352594
patient,74.25,934.800000,30.165470,297.600000,20.315293,1232.400000,37.851171
patient,74.50,926.900000,39.269581,302.600000,21.177556,1229.500000,42.794730
patient,74.75,926.500000,30.765240,298.200000,20.411326,1224.700000,29.762206
patient,75.00,919.000000,33.668317,297.200000,17.008495,1216.200000,34.133073
patient,75.25,918.200000,35.102390,295.000000,20.504742,1213.200000,47.342253
patient,75.50,914.100000,40.588586,292.300000,23.523275,1206.400000,52.459932
patient,75.75,917.900000,28.061243,298.900000,10.439774,1216.800000,24.840827
patient,76.00,923.700000,24.675899,286.100000,13.633700,1209.800000,31.555243
patient,76.25,927.500000,28.167160,291.800000,24.100715,1219.300000,48.589093
patient,76.50,928.600000,37.479476,297.100000,19.823947,1225.700000,47.609640
patient,76.75,927.500000,35.687689,298.300000,26.140858,1225.800000,52.312735
patient,77.00,931.600000,34.205912,293.300000,27.113137,1224.900000,47.561539
patient,77.25,921.300000,36.878328,295.500000,16.748134,1216.800000,41.507161
patient,77.50,920.800000,34.366651,300.700000,23.772299,1221.500000,43.133514
patient,77.75,923.000000,34.679485,295.400000,18.343633,1218.400000,38.425108
patient,78.00,916.600000,32.921455,294.600000,26.230601,1211.200000,41.736741
patient,78.25,923.400000,39.129983,296.100000,25.679434,1219.500000,50.713246
patient,78.50,932.400000,34.839952,290.100000,17.609656,1222.500000,35.409509
patient,78.75,930.300000,21.643834,288.300000,21.540917,1218.600000,23.219723
patient,79.00,931.400000,29.307564,278.400000,24.074883,1209.800000,30.338095
patient,79.25,942.500000,23.481671,280.000000,29.522120,1222.500000,42.361539
patient,79.50,941.700000,16.573406,284.500000,14.300350,1226.200000,21.154458
patient,79.75,934.700000,25.897447,289.000000,23.518314,1223.700000,35.327201
patient,80.00,938.600000,31.979855,282.900000,23.544049,1221.500000,48.822240
TAG,0.00,0.000000,0.000000,0.000000,0.000000,0.000000,0.000000
TAG,0.25,165.400000,11.862171,23.400000,5.910443,188.800000,13.538423
TAG,0.50,247.700000,9.569047,20.700000,4.900113,268.400000,11.510382
TAG,0.75,296.200000,19.025130,20.800000,5.072803,317.000000,19.218047
TAG,1.00,315.600000,21.675383,20.000000,2.981424,335.600000,20.640844
TAG,1.25,333.700000,20.602319,22.100000,4.228212,355.800000,22.557581
TAG,1.50,350.500000,14.871673,17.100000,2.923088,367.600000,15.056929
TAG,1.75,360.300000,18.221172,22.600000,1.837873,382.900000,18.858832
TAG,2.00,366.800000,16.923357,18.300000,3.128720,385.100000,17.779201
TAG,2.25,363.000000,16.532796,19.200000,3.794733,382.200000,16.484336
TAG,2.50,360.100000,28.191606,19.800000,3.852849,379.900000,29.281963
TAG,2.75,353.700000,20.569935,20.200000,5.692100,373.900000,17.149344
TAG,3.00,358.000000,13.249738,21.900000,4.040077,379.900000,12.323870
TAG,3.25,346.300000,20.456186,22.000000,3.741657,368.300000,20.341802
TAG,3.50,354.700000,23.697398,21.200000,5.006662,375.900000,24.337671
TAG,3.75,365.900000,20.289297,20.100000,5.363457,386.000000,19.966639
TAG,4.00,374.500000,28.551124,20.700000,3.831159,395.200000,29.104410
TAG,4.25,370.900000,24.158964,22.100000,3.871549,393.000000,22.900752
TAG,4.50,369.600000,21.459005,23.400000,4.550946,393.000000,20.682789
TAG,4.75,364.700000,20.033583,20.400000,3.062316,385.100000,19.891092
TAG,5.00,344.600000,10.394443,21.000000,3.681787,365.600000,9.453982
TAG,5.25,348.400000,18.679757,20.700000,3.497618,369.100000,18.296630
TAG,5.50,347.400000,19.743916,22.400000,5.103376,369.800000,19.211108
TAG,5.75,347.300000,17.863992,21.800000,2.820559,369.100000,16.775975
TAG,6.00,348.600000,21.995959,21.500000,3.407508,370.100000,20.787015
TAG,6.25,351.600000,22.784985,22.600000,3.596294,374.200000,23.208236
TAG,6.50,360.700000,24.023368,22.700000,4.270051,383.400000,22.603834
TAG,6.75,363.000000,15.040686,18.400000,4.247875,381.400000,12.491775
TAG,7.00,359.900000,15.044010,22.200000,2.780887,382.100000,14.969970
TAG,7.25,349.900000,20.781669,20.900000,3.984693,370.800000,21.524147
TAG,7.50,357.800000,22.448954,21.900000,3.414023,379.700000,24.549496
TAG,7.75,354.900000,16.855266,21.200000,2.973961,376.100000,16.999673
TAG,8.00,350.000000,16.753109,22.700000,2.496664,372.700000,15.506629
TAG,8.25,349.600000,21.985854,21.300000,5.578729,370.900000,20.749565
TAG,8.50,349.900000,22.491727,20.800000,3.823901,370.700000,22.336069
TAG,8.75,357.900000,23.718019,21.600000,4.005552,379.500000,22.197347
TAG,9.00,357.100000,29.003640,21.200000,5.493430,378.300000,25.854507
TAG,9.25,364.900000,24.515075,20.500000,4.527693,385.400000,24.222120
TAG,9.50,358.500000,23.866527,21.300000,2.668749,379.800000,25.529068
TAG,9.75,362.000000,17.198191,20.600000,2.756810,382.600000,19.132288
TAG,10.00,360.700000,25.236878,23.300000,5.056349,384.000000,23.247461
TAG,10.25,362.700000,19.607538,22.100000,4.357624,384.800000,20.922078
TAG,10.50,358.700000,21.674614,19.700000,1.946507,378.400000,20.876356
TAG,10.75,354.700000,17.410406,22.700000,3.831159,377.400000,17.455976
TAG,11.00,345.300000,16.593506,17.700000,3.831159,363.000000,15.513435
TAG,11.25,356.000000,23.832751,20.000000,3.944053,376.000000,22.286020
TAG,11.50,354.900000,21.527502,23.900000,3.281260,378.800000,21.128180
TAG,11.75,356.700000,19.955784,20.600000,3.533962,377.300000,21.171522
TAG,12.00,360.600000,26.353157,19.500000,3.240370,380.100000,26.801534
TAG,12.25,362.500000,27.289599,22.100000,4.357624,384.600000,23.912805
TAG,12.50,360.500000,29.556913,20.100000,3.725289,380.600000,30.434629
TAG,12.75,358.400000,25.233135,21.000000,3.162278,379.400000,25.175826
TAG,13.00,356.900000,20.442059,22.500000,3.308239,379.400000,20.699973
TAG,13.25,359.600000,13.384900,21.000000,3.055050,380.600000,12.429356
TAG,13.50,363.500000,15.721535,19.800000,4.589844,383.300000,15.041055
TAG,13.75,357.800000,23.054525,20.700000,2.907844,378.500000,24.527762
TAG,14.00,360.600000,24.070268,20.700000,3.465705,381.300000,24.855359
TAG,14.25,359.100000,12.844800,19.900000,3.212822,379.000000,11.145502
TAG,14.50,362.100000,18.411651,20.300000,3.888730,382.400000,20.716070
TAG,14.75,363.500000,26.730133,19.000000,3.590110,382.500000,27.403366
TAG,15.00,361.700000,24.517794,22.400000,4.623611,384.100000,22.108068
TAG,15.25,365.400000,28.899058,19.400000,4.695151,384.800000,27.808072
TAG,15.50,360.500000,20.478987,21.000000,5.270463,381.500000,19.443651
TAG,15.75,368.400000,23.022694,19.500000,4.301163,387.900000,20.819062
TAG,16.00,364.600000,22.031291,19.800000,4.391912,384.400000,23.594726
TAG,16.25,360.800000,18.907964,20.500000,3.240370,381.300000,18.880031
TAG,16.50,367.200000,15.788885,24.200000,3.326660,391.400000,16.794179
TAG,16.75,363.700000,22.116108,22.500000,2.798809,386.200000,22.250094
TAG,17.00,352.500000,20.929777,21.300000,2.626785,373.800000,20.142823
TAG,17.25,355.800000,22.933721,22.100000,3.510302,377.900000,23.325951
TAG,17.50,357.000000,13.424687,20.900000,3.348300,377.900000,15.073524
TAG,17.75,356.600000,16.105210,20.100000,4.094712,376.700000,15.506629
TAG,18.00,344.800000,15.788885,22.100000,3.665151,366.900000,15.466451
TAG,18.25,346.800000,16.671999,22.900000,3.107339,369.700000,17.243678
TAG,18.50,355.100000,20.096711,19.300000,4.522782,374.400000,18.679757
TAG,18.75,349.900000,17.940953,20.000000,3.091206,369.900000,18.675296
TAG,19.00,360.600000,14.930952,22.800000,4.825856,383.400000,15.056929
TAG,19.25,370.000000,19.316084,20.100000,3.381321,390.100000,19.688970
TAG,19.50,367.100000,23.254390,21.400000,4.647580,388.500000,24.107399
TAG,19.75,363.700000,20.358182,21.900000,4.254409,385.600000,18.839674
TAG,20.00,354.200000,15.576335,21.500000,4.377975,375.700000,15.449200
TAG,20.25,353.800000,20.991003,23.900000,4.817791,377.700000,20.758131
TAG,20.50,355.500000,22.401637,21.200000,2.936362,376.700000,22.818365
TAG,20.75,346.800000,22.773279,23.100000,3.665151,369.900000,21.880737
TAG,21.00,347.900000,27.147539,19.600000,3.098387,367.500000,25.421994
TAG,21.25,353.600000,29.628065,21.400000,3.893014,375.000000,29.522120
TAG,21.50,348.100000,37.637009,20.700000,3.128720,368.800000,35.971594
TAG,21.75,346.800000,22.778157,22.700000,3.056868,369.500000,22.579489
TAG,22.00,355.800000,23.775805,23.600000,3.373096,379.400000,24.341095
TAG,22.25,371.400000,15.889899,21.100000,3.314949,392.500000,16.748134
TAG,22.50,366.600000,12.249263,20.600000,2.065591,387.200000,11.783227
TAG,22.75,361.000000,23.981474,19.300000,3.622461,380.300000,24.953512
TAG,23.00,356.200000,25.284163,20.200000,3.489667,376.400000,25.725906
TAG,23.25,352.900000,28.021619,21.600000,3.747592,374.500000,27.342478
TAG,23.50,361.300000,26.187571,18.600000,5.719363,379.900000,26.408963
TAG,23.75,366.000000,22.553640,19.500000,3.749074,385.500000,22.662990
TAG,24.00,364.800000,27.271475,19.700000,2.790858,384.500000,25.189283
TAG,24.25,356.400000,24.185395,22.600000,4.033196,379.000000,22.573337
TAG,24.50,354.600000,19.021625,18.400000,4.325634,373.000000,17.262677
TAG,24.75,357.200000,21.405088,20.400000,4.141927,377.600000,19.934337
TAG,25.00,360.800000,24.325570,19.800000,1.988858,380.600000,24.272527
TAG,25.25,354.000000,23.016902,22.100000,4.012481,376.100000,23.458948
TAG,25.50,345.700000,20.553724,21.000000,1.885618,366.700000,20.314472
TAG,25.75,350.600000,23.104593,20.700000,4.498148,371.300000,23.823658
TAG,26.00,353.800000,17.905927,23.700000,5.498485,377.500000,17.488091
TAG,26.25,364.000000,19.832633,21.600000,3.596294,385.600000,22.116861
TAG,26.50,362.500000,17.608394,21.100000,4.886489,383.600000,19.619718
TAG,26.75,357.900000,19.677681,21.200000,2.936362,379.100000,20.030255
TAG,27.00,355.400000,13.777599,21.000000,3.771236,376.400000,15.428689
TAG,27.25,353.500000,18.142951,21.600000,3.533962,375.100000,15.926568
TAG,27.50,353.300000,27.696971,22.400000,3.025815,375.700000,29.593731
TAG,27.75,365.400000,26.533836,22.100000,2.846050,387.500000,28.131635
TAG,28.00,366.300000,23.156712,19.900000,2.960856,386.200000,21.902816
TAG,28.25,368.600000,27.705595,19.500000,2.121320,388.100000,27.396066
TAG,28.50,374.800000,24.178962,19.800000,5.094660,394.600000,21.665128
TAG,28.75,363.600000,22.162030,22.000000,4.346135,385.600000,18.542444
TAG,29.00,361.900000,30.718977,18.800000,3.224903,380.700000,31.365409
TAG,29.25,360.300000,20.182776,22.000000,3.527668,382.300000,19.720548
TAG,29.50,356.300000,25.117723,21.700000,2.002776,378.000000,25.121925
TAG,29.75,360.600000,21.125025,21.000000,4.642796,381.600000,20.662365
TAG,30.00,367.300000,20.287106,19.300000,2.869379,386.600000,20.244066
TAG,30.25,354.700000,15.092677,21.000000,4.109609,375.700000,16.653662
TAG,30.50,362.700000,10.562512,21.600000,4.351245,384.300000,10.165847
TAG,30.75,353.200000,17.887302,21.500000,2.877113,374.700000,18.529556
TAG,31.00,351.300000,13.466419,22.800000,4.732864,374.100000,14.895562
TAG,31.25,350.000000,11.756795,21.600000,4.273952,371.600000,13.508845
TAG,31.50,357.500000,14.112642,19.000000,3.829708,376.500000,13.648362
TAG,31.75,361.400000,17.475062,19.600000,2.011080,381.000000,18.547237
TAG,32.00,349.100000,16.332993,21.100000,3.984693,370.200000,15.908069
TAG,32.25,348.900000,18.858832,20.200000,4.104198,369.100000,21.178868
TAG,32.50,347.900000,20.946758,21.000000,3.858612,368.900000,20.179473
TAG,32.75,358.000000,18.366636,20.600000,4.718757,378.600000,19.619718
TAG,33.00,357.100000,22.133183,23.600000,4.273952,380.700000,22.608012
TAG,33.25,345.100000,17.615965,21.400000,1.837873,366.500000,17.386138
TAG,33.50,350.400000,13.201010,19.300000,4.522782,369.700000,13.400249
TAG,33.75,356.700000,20.347263,21.400000,4.351245,378.100000,17.155822
TAG,34.00,351.900000,25.154854,21.900000,3.034981,373.800000,26.279692
TAG,34.25,351.700000,22.346016,19.200000,4.049691,370.900000,20.566694
TAG,34.50,355.400000,22.736168,18.300000,3.529243,373.700000,23.385893
TAG,34.75,361.900000,21.330469,19.100000,3.510302,381.000000,21.607612
TAG,35.00,362.100000,25.190166,19.100000,3.725289,381.200000,25.706895
TAG,35.25,348.700000,19.281828,19.400000,3.565265,368.100000,18.858832
TAG,35.50,345.100000,15.154391,20.300000,3.860052,365.400000,15.479018
TAG,35.75,347.300000,21.108450,19.500000,3.240370,366.800000,20.465689
TAG,36.00,342.800000,18.304826,19.700000,3.973523,362.500000,17.341344
TAG,36.25,355.200000,18.201343,21.800000,2.820559,377.000000,18.726096
TAG,36.50,346.000000,18.481222,20.800000,2.440401,366.800000,18.189130
TAG,36.75,342.100000,24.378725,22.500000,3.979112,364.600000,23.176617
TAG,37.00,347.200000,19.360900,20.200000,2.859681,367.400000,19.103228
TAG,37.25,347.000000,17.962925,20.500000,5.421152,367.500000,20.040237
TAG,37.50,342.500000,21.266823,21.000000,3.559026,363.500000,20.935085
TAG,37.75,355.200000,15.554921,21.100000,3.665151,376.300000,16.289397
TAG,38.00,371.600000,11.964763,22.100000,2.998148,393.700000,10.242070
TAG,38.25,365.700000,22.968819,18.900000,3.956710,384.600000,21.904845
TAG,38.50,361.600000,25.539512,23.300000,4.270051,384.900000,24.172758
TAG,38.75,363.400000,20.940126,21.000000,3.527668,384.400000,19.934337
TAG,39.00,356.400000,22.554625,20.500000,2.013841,376.900000,22.467013
TAG,39.25,359.800000,14.343407,21.600000,4.501851,381.400000,14.315493
TAG,39.50,357.700000,13.004700,20.400000,2.756810,378.100000,12.600265
TAG,39.75,361.400000,16.222070,20.600000,3.502380,382.000000,15.860503
TAG,40.00,358.800000,14.875782,22.400000,3.204164,381.200000,14.718092
TAG,40.25,360.200000,22.996618,23.300000,3.917199,383.500000,24.281909
TAG,40.50,355.600000,17.582820,22.900000,3.928528,378.500000,18.458663
TAG,40.75,358.500000,22.441281,22.100000,4.532598,380.600000,21.859145
TAG,41.00,350.900000,17.272007,21.800000,3.119829,372.700000,15.188080
TAG,41.25,361.100000,21.824807,20.000000,5.011099,381.100000,19.046434
TAG,41.50,361.100000,15.132379,21.700000,5.716448,382.800000,14.335659
TAG,41.75,348.200000,23.432172,25.800000,4.157991,374.000000,21.802141
TAG,42.00,347.100000,22.678673,22.500000,4.552167,369.600000,24.423122
TAG,42.25,346.100000,22.397669,20.600000,4.695151,366.700000,25.408004
TAG,42.50,350.400000,28.190621,19.700000,4.270051,370.100000,25.942029
TAG,42.75,349.500000,17.752934,22.300000,4.808557,371.800000,19.158984
TAG,43.00,342.600000,16.453301,22.400000,3.921451,365.000000,17.713774
TAG,43.25,347.700000,19.177823,21.700000,3.772709,369.400000,19.500427
TAG,43.50,360.900000,23.661737,21.500000,5.038739,382.400000,24.967534
TAG,43.75,363.300000,25.854507,19.100000,3.725289,382.400000,24.070268
TAG,44.00,362.200000,20.767496,22.700000,2.668749,384.900000,22.810573
TAG,44.25,354.400000,24.842616,21.800000,5.159673,376.200000,25.576899
TAG,44.50,354.500000,20.200385,21.900000,3.247221,376.400000,20.748226
TAG,44.75,358.700000,17.224337,19.400000,3.438346,378.100000,18.835251
TAG,45.00,369.400000,31.560172,20.100000,4.201851,389.500000,33.244047
TAG,45.25,366.800000,21.739876,19.300000,4.473378,386.100000,21.366901
TAG,45.50,372.600000,28.367430,19.800000,3.645393,392.400000,27.463916
TAG,45.75,365.700000,14.189589,21.800000,4.491968,387.500000,16.781273
TAG,46.00,360.200000,15.661701,21.800000,4.894441,382.000000,15.993054
TAG,46.25,353.900000,20.909594,20.300000,4.762119,374.200000,18.540047
TAG,46.50,364.300000,17.839096,20.300000,1.702939,384.600000,17.871144
TAG,46.75,363.600000,25.281526,19.300000,3.093003,382.900000,24.973097
TAG,47.00,362.600000,30.343222,19.800000,2.936362,382.400000,30.376160
TAG,47.25,354.000000,21.176507,22.600000,2.458545,376.600000,19.989997
TAG,47.50,355.000000,20.016660,21.800000,3.047768,376.800000,21.337500
TAG,47.75,355.800000,12.821856,21.200000,3.359894,377.000000,13.004273
TAG,48.00,356.500000,16.345234,18.800000,4.516636,375.300000,15.369884
TAG,48.25,352.100000,17.489362,20.900000,3.984693,373.000000,18.245243
TAG,48.50,351.300000,17.651251,20.300000,4.029061,371.600000,18.998246
TAG,48.75,356.200000,20.405882,22.600000,2.875181,378.800000,21.290582
TAG,49.00,363.800000,16.598527,20.700000,3.400980,384.500000,18.422510
TAG,49.25,356.600000,23.037168,19.400000,4.765618,376.000000,21.720446
TAG,49.50,355.300000,33.506384,21.300000,5.638164,376.600000,32.643529
TAG,49.75,357.100000,27.151632,23.000000,5.033223,380.100000,26.349995
TAG,50.00,352.100000,21.997222,19.600000,5.232378,371.700000,24.644359
TAG,50.25,356.600000,25.487252,19.500000,4.089281,376.100000,24.204912
TAG,50.50,360.400000,26.924586,21.600000,4.623611,382.000000,26.233990
TAG,50.75,366.500000,14.736576,20.800000,3.765339,387.300000,15.585249
TAG,51.00,369.300000,24.832998,19.700000,2.710064,389.000000,26.305893
TAG,51.25,369.700000,24.463351,21.300000,4.347413,391.000000,24.271611
TAG,51.50,363.600000,18.422209,19.800000,3.823901,383.400000,20.089798
TAG,51.75,356.100000,15.066150,20.900000,2.643651,377.000000,15.839472
TAG,52.00,353.800000,18.569988,21.300000,3.335000,375.100000,15.842629
TAG,52.25,357.800000,21.938297,22.200000,5.940445,380.000000,25.090946
TAG,52.50,355.300000,18.379034,19.500000,3.535534,374.800000,18.635689
TAG,52.75,350.600000,18.494444,22.300000,4.243950,372.900000,17.483008
TAG,53.00,344.500000,14.096887,20.100000,2.884826,364.600000,13.326665
TAG,53.25,359.300000,22.455140,21.600000,3.062316,380.900000,21.738087
TAG,53.50,358.100000,20.888327,19.300000,5.657836,377.400000,19.143900
TAG,53.75,362.400000,18.494444,21.100000,4.605552,383.500000,20.244341
TAG,54.00,364.900000,13.428411,21.000000,2.449490,385.900000,14.317433
TAG,54.25,354.300000,16.539851,23.000000,3.162278,377.300000,16.740171
TAG,54.50,351.700000,21.817679,21.300000,4.110961,373.000000,21.029080
TAG,54.75,352.200000,21.185949,20.100000,5.445691,372.300000,18.938790
TAG,55.00,358.500000,14.691267,22.300000,3.128720,380.800000,12.717442
TAG,55.25,359.400000,13.082643,21.700000,3.622461,381.100000,12.600265
TAG,55.50,360.800000,25.827634,21.100000,3.478505,381.900000,24.048331
TAG,55.75,352.800000,22.523075,20.100000,4.067486,372.900000,24.112929
TAG,56.00,364.200000,12.488217,21.000000,4.000000,385.200000,13.894843
TAG,56.25,355.000000,15.195028,21.800000,3.881580,376.800000,15.554921
TAG,56.50,355.300000,16.145519,22.400000,2.412928,377.700000,17.845323
TAG,56.75,350.500000,20.700242,21.800000,3.794733,372.300000,20.499593
TAG,57.00,350.900000,21.210322,22.300000,4.967673,373.200000,20.724650
TAG,57.25,339.600000,14.206415,21.400000,5.641119,361.000000,14.157840
TAG,57.50,344.000000,15.405627,19.700000,4.056545,363.700000,15.253779
TAG,57.75,344.700000,21.134753,19.800000,4.049691,364.500000,22.520361
TAG,58.00,349.900000,15.989232,23.300000,3.529243,373.200000,18.849108
TAG,58.25,354.900000,23.872113,21.400000,3.438346,376.300000,22.080912
TAG,58.50,355.000000,23.404653,22.100000,3.604010,377.100000,24.305692
TAG,58.75,362.500000,26.370227,20.600000,4.550946,383.100000,28.703271
TAG,59.00,360.300000,19.516660,21.600000,2.319004,381.900000,19.203298
TAG,59.25,354.500000,18.063161,21.900000,4.581363,376.400000,19.788886
TAG,59.50,355.800000,23.006279,17.900000,3.281260,373.700000,25.355473
TAG,59.75,359.100000,16.855266,20.000000,3.620927,379.100000,17.142864
TAG,60.00,360.700000,22.156263,21.700000,4.854551,382.400000,22.667647
TAG,60.25,360.300000,28.296250,24.600000,4.087923,384.900000,28.788308
TAG,60.50,361.200000,29.112044,20.400000,5.125102,381.600000,29.387072
TAG,60.75,368.900000,35.350468,20.000000,3.091206,388.900000,35.859138
TAG,61.00,366.300000,23.103872,20.700000,5.982382,387.000000,21.949437
TAG,61.25,363.100000,28.551902,21.000000,3.231787,384.100000,28.501267
TAG,61.50,358.700000,21.013488,20.600000,3.717825,379.300000,22.136195
TAG,61.75,354.300000,19.731813,20.900000,3.247221,375.200000,20.087586
TAG,62.00,355.000000,15.209646,20.800000,3.359894,375.800000,15.200877
TAG,62.25,363.800000,19.025130,21.800000,3.155243,385.600000,19.294213
TAG,62.50,359.200000,22.856071,20.600000,3.025815,379.800000,21.462111
TAG,62.75,359.500000,13.418478,19.800000,3.938415,379.300000,14.032106
TAG,63.00,363.800000,12.968338,20.400000,4.060651,384.200000,13.660974
TAG,63.25,355.300000,21.858383,19.800000,4.289522,375.100000,20.712047
TAG,63.50,351.400000,28.143284,22.000000,5.715476,373.400000,24.735040
TAG,63.75,354.600000,26.035019,20.100000,4.306326,374.700000,25.512742
TAG,64.00,357.000000,23.935097,20.400000,3.533962,377.400000,25.294707
TAG,64.25,372.500000,20.775252,22.600000,4.060651,395.100000,20.316660
TAG,64.50,375.900000,27.036806,20.400000,5.660781,396.300000,28.355090
TAG,64.75,365.000000,15.825437,20.200000,2.149935,385.200000,15.504838
TAG,65.00,357.500000,16.263456,23.800000,3.583915,381.300000,16.145519
TAG,65.25,357.400000,12.222020,20.200000,3.765339,377.600000,10.751744
TAG,65.50,356.100000,14.278578,21.900000,6.081849,378.000000,16.234394
TAG,65.75,355.900000,20.754919,23.300000,4.967673,379.200000,19.326436
TAG,66.00,358.700000,24.648867,21.500000,4.527693,380.200000,25.956374
TAG,66.25,357.000000,16.370706,20.400000,3.533962,377.400000,16.906278
TAG,66.50,354.700000,19.172028,22.700000,3.267687,377.400000,20.331694
TAG,66.75,360.800000,19.452506,20.900000,4.228212,381.700000,22.035577
TAG,67.00,355.600000,15.385419,21.900000,4.201851,377.500000,17.513487
TAG,67.25,354.000000,21.317703,21.900000,2.998148,375.900000,20.599083
TAG,67.50,356.600000,27.585020,18.300000,3.653005,374.900000,27.024475
TAG,67.75,357.700000,28.794482,18.400000,4.742245,376.100000,28.419281
TAG,68.00,348.100000,21.640754,20.600000,3.306559,368.700000,20.987033
TAG,68.25,340.100000,15.737076,20.000000,4.876246,360.100000,15.336594
TAG,68.50,348.300000,16.983979,23.200000,5.633235,371.500000,17.715342
TAG,68.75,351.500000,23.660797,21.500000,3.628590,373.000000,24.358435
TAG,69.00,356.300000,17.789198,20.000000,3.711843,376.300000,19.590531
TAG,69.25,350.400000,20.902950,23.800000,3.084009,374.200000,21.988886
TAG,69.50,355.100000,15.814550,20.200000,2.699794,375.300000,17.204973
TAG,69.75,350.000000,15.556349,22.100000,3.900142,372.100000,16.210079
TAG,70.00,361.500000,18.839969,22.100000,5.195083,383.600000,20.505826
TAG,70.25,357.900000,22.462067,21.900000,2.923088,379.800000,23.126704
TAG,70.50,357.500000,14.804279,21.800000,3.966527,379.300000,15.477941
TAG,70.75,358.400000,11.539305,23.600000,3.204164,382.000000,12.666667
TAG,71.00,354.200000,21.918029,21.200000,3.794733,375.400000,21.792965
TAG,71.25,351.200000,17.918333,22.700000,5.271517,373.900000,19.301410
TAG,71.50,348.800000,16.791532,20.500000,4.600725,369.300000,17.857771
TAG,71.75,347.600000,22.480609,20.000000,4.242641,367.600000,22.935659
TAG,72.00,360.700000,23.132709,21.700000,3.056868,382.400000,22.657841
TAG,72.25,355.400000,21.103975,20.600000,3.025815,376.000000,21.817424
TAG,72.50,356.200000,15.873108,22.200000,4.077036,378.400000,14.841384
TAG,72.75,358.100000,14.700340,21.000000,5.906682,379.100000,14.153523
TAG,73.00,351.900000,14.502490,21.600000,2.988868,373.500000,14.025770
TAG,73.25,354.300000,12.789318,20.200000,3.881580,374.500000,10.741922
TAG,73.50,358.400000,24.878371,19.500000,2.368778,377.900000,23.694584
TAG,73.75,347.200000,23.270391,25.000000,3.265986,372.200000,25.191709
TAG,74.00,346.900000,18.308771,20.900000,3.107339,367.800000,20.509077
TAG,74.25,352.300000,18.354836,20.800000,6.124632,373.100000,18.381452
TAG,74.50,351.000000,12.909944,21.800000,4.661902,372.800000,11.496859
TAG,74.75,340.500000,16.781273,20.700000,3.164034,361.200000,14.665151
TAG,75.00,341.800000,13.886844,19.300000,3.888730,361.100000,15.147057
TAG,75.25,356.900000,14.798273,18.100000,3.842742,375.000000,13.207742
TAG,75.50,358.500000,28.391118,20.900000,3.348300,379.400000,28.686815
TAG,75.75,362.700000,21.087384,19.700000,2.626785,382.400000,20.651607
TAG,76.00,365.100000,19.376102,20.400000,3.777124,385.500000,19.213710
TAG,76.25,365.500000,27.322152,20.900000,3.541814,386.400000,26.013672
TAG,76.50,368.300000,28.833044,21.100000,3.871549,389.400000,31.202564
TAG,76.75,359.700000,20.693799,22.600000,3.373096,382.300000,22.341043
TAG,77.00,355.800000,25.909243,21.400000,3.373096,377.200000,24.430400
TAG,77.25,361.600000,23.533428,19.800000,5.159673,381.400000,22.480609
TAG,77.50,359.400000,24.231293,22.200000,4.516636,381.600000,24.217533
TAG,77.75,355.600000,24.014810,20.800000,3.489667,376.400000,21.848977
TAG,78.00,357.200000,23.677462,20.000000,3.055050,377.200000,23.318090
TAG,78.25,353.600000,23.133429,22.900000,4.748099,376.500000,25.003333
TAG,78.50,363.800000,17.364075,23.100000,4.012481,386.900000,19.473344
TAG,78.75,356.600000,21.521049,21.500000,3.749074,378.100000,21.236499
TAG,79.00,361.500000,24.509635,21.200000,3.583915,382.700000,25.456062
TAG,79.25,354.000000,16.505891,22.100000,4.094712,376.100000,18.835251
TAG,79.50,344.700000,21.669487,21.100000,2.923088,365.800000,22.532939
TAG,79.75,356.900000,28.811456,20.300000,3.465705,377.200000,29.951071
TAG,80.00,356.000000,23.118055,23.800000,4.779586,379.800000,21.811312
TAP,0.00,0.000000,0.000000,0.000000,0.000000,0.000000,0.000000
TAP,0.25,216.600000,13.500617,193.100000,15.509495,409.700000,20.363639
TAP,0.50,361.100000,17.660062,319.400000,16.879968,680.500000,25.096480
TAP,0.75,450.300000,20.591530,381.000000,17.486503,831.300000,29.877714
TAP,1.00,504.700000,16.214191,422.400000,19.715758,927.100000,24.772072
TAP,1.25,539.300000,16.859221,452.200000,23.559853,991.500000,34.193079
TAP,1.50,556.600000,21.546848,459.200000,21.212156,1015.800000,26.557276
TAP,1.75,563.100000,30.226736,463.000000,20.055479,1026.100000,31.841447
TAP,2.00,578.800000,31.534109,475.500000,17.481737,1054.300000,34.756454
TAP,2.25,594.300000,29.028913,484.600000,29.040967,1078.900000,42.508692
TAP,2.50,602.500000,31.679822,483.500000,30.912960,1086.000000,51.903757
TAP,2.75,617.900000,31.557531,482.600000,24.235878,1100.500000,44.935138
TAP,3.00,613.600000,31.479094,487.000000,35.505868,1100.600000,56.903817
TAP,3.25,619.100000,38.716778,479.200000,34.698063,1098.300000,51.794573
TAP,3.50,618.500000,37.351930,470.600000,24.208355,1089.100000,35.457173
TAP,3.75,621.500000,32.503846,467.500000,21.859399,1089.000000,38.884444
TAP,4.00,626.600000,26.441550,459.300000,20.499593,1085.900000,32.398388
TAP,4.25,628.600000,22.076634,449.000000,22.871622,1077.600000,24.563749
TAP,4.50,627.800000,24.211109,459.200000,30.770838,1087.000000,23.323808
TAP,4.75,633.600000,22.794736,458.900000,35.224518,1092.500000,46.068186
TAP,5.00,632.400000,19.580035,463.000000,30.404678,1095.400000,39.435461
TAP,5.25,627.700000,20.363639,461.200000,26.313495,1088.900000,26.747586
TAP,5.50,633.400000,20.034415,447.000000,29.914694,1080.400000,32.755661
TAP,5.75,639.800000,23.855118,453.100000,22.173307,1092.900000,28.586905
TAP,6.00,639.000000,26.369174,451.100000,27.460881,1090.100000,34.664904
TAP,6.25,632.000000,27.712813,445.300000,23.223790,1077.300000,33.410078
TAP,6.50,616.700000,17.913682,462.000000,25.716402,1078.700000,29.559920
TAP,6.75,620.400000,24.690079,465.600000,22.490492,1086.000000,31.629803
TAP,7.00,622.000000,31.752515,469.800000,32.953840,1091.800000,37.359515
TAP,7.25,615.000000,33.109247,457.000000,24.230376,1072.000000,36.826923
TAP,7.50,628.100000,21.126340,459.800000,24.863181,1087.900000,26.917363
TAP,7.75,629.000000,36.033935,470.000000,19.922070,1099.000000,27.712813
TAP,8.00,624.100000,30.963958,474.400000,19.995555,1098.500000,31.302290
TAP,8.25,633.700000,35.046160,478.200000,20.660214,1111.900000,36.864466
TAP,8.50,617.100000,30.186274,468.900000,17.019270,1086.000000,32.355662
TAP,8.75,629.100000,23.473153,478.600000,27.516460,1107.700000,26.754231
TAP,9.00,622.700000,28.047777,482.500000,18.185770,1105.200000,25.090060
TAP,9.25,613.500000,31.159981,473.700000,21.281447,1087.200000,39.535638
TAP,9.50,618.100000,24.154365,473.900000,12.688140,1092.000000,30.140412
TAP,9.75,624.200000,25.853433,464.300000,31.120019,1088.500000,45.743852
TAP,10.00,637.000000,33.109247,469.600000,34.127864,1106.600000,37.798295
TAP,10.25,648.500000,26.904151,477.900000,33.428032,1126.400000,34.836762
TAP,10.50,636.300000,25.073448,471.000000,30.062897,1107.300000,32.670238
TAP,10.75,629.400000,21.219488,464.100000,23.510990,1093.500000,13.108521
TAP,11.00,634.000000,22.176063,470.700000,23.485456,1104.700000,8.944893
TAP,11.25,639.100000,33.140945,475.200000,19.685302,1114.300000,36.578834
TAP,11.50,637.500000,25.180460,481.500000,27.342478,1119.000000,42.103048
TAP,11.75,634.900000,17.412958,484.300000,18.968102,1119.200000,26.165287
TAP,12.00,633.300000,24.354101,471.800000,21.693829,1105.100000,34.968081
TAP,12.25,630.500000,27.520699,470.300000,12.436952,1100.800000,26.292373
TAP,12.50,620.500000,26.268909,467.600000,13.680481,1088.100000,23.129827
TAP,12.75,620.300000,32.414160,464.200000,16.005555,1084.500000,37.134141
TAP,13.00,613.700000,22.593263,466.100000,27.375780,1079.800000,29.031783
TAP,13.25,618.700000,19.737443,468.900000,19.473344,1087.600000,33.403925
TAP,13.50,625.000000,20.066556,465.200000,14.474499,1090.200000,30.770838
TAP,13.75,629.900000,26.286668,464.800000,30.713008,1094.700000,50.903067
TAP,14.00,635.600000,26.428940,472.300000,31.647538,1107.900000,49.907581
TAP,14.25,640.300000,29.097728,475.700000,26.944593,1116.000000,35.543401
TAP,14.50,628.600000,39.797264,474.300000,20.859583,1102.900000,44.687682
TAP,14.75,624.300000,47.138213,463.100000,20.883007,1087.400000,62.455673
TAP,15.00,626.500000,36.921087,462.800000,16.443844,1089.300000,40.183053
TAP,15.25,619.000000,47.046077,454.300000,21.401194,1073.300000,48.837713
TAP,15.50,628.400000,48.162226,462.000000,26.778930,1090.400000,57.329845
TAP,15.75,626.500000,44.915352,461.900000,18.681244,1088.400000,52.944835
TAP,16.00,621.500000,35.516037,463.500000,27.601328,1085.000000,36.527007
TAP,16.25,626.700000,39.172127,468.100000,30.380732,1094.800000,56.414734
TAP,16.50,630.700000,33.990358,489.300000,20.949940,1120.000000,39.858082
TAP,16.75,622.200000,37.599645,475.500000,17.322112,1097.700000,45.869501
TAP,17.00,620.500000,39.522849,468.200000,25.476787,1088.700000,48.408103
TAP,17.25,619.300000,32.055681,470.500000,27.081154,1089.800000,39.647895
TAP,17.50,625.400000,35.236345,464.000000,21.832697,1089.400000,46.202934
TAP,17.75,633.500000,28.687008,474.400000,16.167182,1107.900000,30.156812
TAP,18.00,625.500000,30.533224,471.400000,26.546395,1096.900000,42.506078
TAP,18.25,620.200000,28.498733,465.100000,26.341560,1085.300000,39.869370
TAP,18.50,628.600000,24.690079,467.800000,30.546140,1096.400000,37.443884
TAP,18.75,623.500000,38.876585,463.100000,32.153970,1086.600000,54.811191
TAP,19.00,622.400000,43.164286,465.300000,24.244358,1087.700000,55.027367
TAP,19.25,622.200000,36.808212,458.800000,26.114279,1081.000000,47.316899
TAP,19.50,624.700000,24.788214,461.700000,23.884211,1086.400000,28.072129
TAP,19.75,631.200000,15.156957,465.000000,29.735874,1096.200000,35.567776
TAP,20.00,636.100000,24.108320,470.000000,31.724509,1106.100000,49.747027
TAP,20.25,637.000000,27.740864,470.000000,23.021729,1107.000000,42.525809
TAP,20.50,640.300000,29.215863,470.800000,22.129919,1111.100000,47.535834
TAP,20.75,632.400000,19.184484,472.200000,17.274258,1104.600000,24.927450
TAP,21.00,624.000000,25.538642,470.900000,14.563653,1094.900000,23.708648
TAP,21.25,620.200000,19.412482,464.600000,20.565343,1084.800000,24.256958
TAP,21.50,633.400000,25.404287,478.600000,26.903944,1112.000000,35.910382
TAP,21.75,629.100000,22.521348,482.500000,30.000926,1111.600000,33.210440
TAP,22.00,624.700000,23.118295,466.200000,27.518882,1090.900000,38.129749
TAP,22.25,628.900000,17.885127,472.800000,29.464857,1101.700000,32.321475
TAP,22.50,639.200000,20.015550,467.300000,22.905846,1106.500000,28.000992
TAP,22.75,636.800000,23.213023,462.100000,24.168161,1098.900000,39.627291
TAP,23.00,633.800000,27.259249,469.700000,20.838266,1103.500000,41.753909
TAP,23.25,634.800000,36.970859,472.900000,21.901040,1107.700000,52.138810
TAP,23.50,634.100000,32.453214,473.300000,24.864298,1107.400000,35.223729
TAP,23.75,637.700000,29.851670,467.500000,20.581815,1105.200000,35.708076
TAP,24.00,635.600000,27.825648,459.700000,25.170750,1095.300000,35.484112
TAP,24.25,631.500000,32.414846,457.700000,30.441383,1089.200000,45.864050
TAP,24.50,630.000000,27.672690,460.700000,27.745070,1090.700000,46.728649
TAP,24.75,635.100000,21.895966,464.600000,23.334286,1099.700000,35.960009
TAP,25.00,627.800000,29.092954,463.800000,27.627683,1091.600000,46.752778
TAP,25.25,627.600000,29.159332,463.800000,28.267767,1091.400000,42.180037
TAP,25.50,628.800000,24.876584,470.800000,28.909053,1099.600000,46.781288
TAP,25.75,620.200000,22.339800,472.300000,32.259538,1092.500000,46.255931
TAP,26.00,622.100000,26.146808,471.700000,26.153606,1093.800000,37.537537
TAP,26.25,622.700000,28.674611,474.100000,22.077892,1096.800000,41.041442
TAP,26.50,617.500000,26.382865,470.600000,18.319389,1088.100000,33.547479
TAP,26.75,620.600000,24.595393,479.400000,29.579272,1100.000000,35.213634
TAP,27.00,631.700000,22.080912,485.900000,33.679700,1117.600000,22.959868
TAP,27.25,631.700000,29.777135,474.300000,40.381651,1106.000000,39.513711
TAP,27.50,625.900000,25.418497,460.900000,26.518128,1086.800000,29.370431
TAP,27.75,630.900000,28.873094,451.900000,20.983856,1082.800000,30.824954
TAP,28.00,632.400000,32.018050,446.100000,24.551307,1078.500000,28.469282
TAP,28.25,642.300000,20.666935,447.600000,27.552778,1089.900000,23.764820
TAP,28.50,645.000000,16.048537,456.700000,27.592471,1101.700000,25.612714
TAP,28.75,643.500000,20.478987,461.900000,33.765367,1105.400000,35.540900
TAP,29.00,630.900000,28.919236,463.700000,26.973444,1094.600000,31.422568
TAP,29.25,626.900000,19.863143,456.500000,18.155195,1083.400000,22.311930
TAP,29.50,623.500000,22.974624,452.100000,20.936146,1075.600000,24.180800
TAP,29.75,634.300000,35.705742,455.700000,21.756481,1090.000000,39.527768
TAP,30.00,636.800000,30.752778,461.800000,39.091914,1098.600000,48.394674
TAP,30.25,639.200000,34.022215,458.200000,27.923706,1097.400000,41.814936
TAP,30.50,632.300000,25.416749,454.300000,23.185484,1086.600000,34.660897
TAP,30.75,647.000000,26.398653,453.200000,26.262775,1100.200000,38.866724
TAP,31.00,648.500000,21.884799,458.600000,23.056452,1107.100000,26.048886
TAP,31.25,637.600000,14.338759,453.000000,23.697163,1090.600000,25.091831
TAP,31.50,634.300000,13.864824,466.100000,21.063133,1100.400000,23.870949
TAP,31.75,626.500000,29.402381,467.900000,24.223267,1094.400000,35.650152
TAP,32.00,628.200000,23.208236,471.200000,18.078840,1099.400000,29.299981
TAP,32.25,626.500000,27.797882,475.500000,23.329762,1102.000000,33.152845
TAP,32.50,622.500000,30.203936,471.500000,14.894070,1094.000000,29.717185
TAP,32.75,620.700000,30.188482,465.800000,16.308144,1086.500000,25.012219
TAP,33.00,619.100000,24.099101,465.400000,25.756121,1084.500000,24.350451
TAP,33.25,622.900000,27.310763,464.100000,28.242797,1087.000000,30.228757
TAP,33.50,634.200000,25.332456,466.600000,38.315068,1100.800000,42.686974
TAP,33.75,632.200000,26.220433,471.000000,33.790202,1103.200000,31.158377
TAP,34.00,641.900000,23.562918,468.900000,23.764820,1110.800000,24.036084
TAP,34.25,628.500000,27.309949,465.700000,24.886632,1094.200000,23.989813
TAP,34.50,630.800000,30.936494,472.500000,21.204035,1103.300000,29.661235
TAP,34.75,632.600000,36.445393,480.200000,17.119190,1112.800000,33.235857
TAP,35.00,636.800000,43.608868,489.000000,22.286020,1125.800000,43.437823
TAP,35.25,635.000000,38.660919,491.100000,30.079340,1126.100000,42.503464
TAP,35.50,624.500000,37.509258,477.900000,25.839032,1102.400000,40.039425
TAP,35.75,621.400000,36.019131,486.300000,28.158480,1107.700000,46.681069
TAP,36.00,625.700000,33.642070,481.900000,25.287019,1107.600000,42.327296
TAP,36.25,630.100000,36.421758,493.600000,27.386939,1123.700000,41.737407
TAP,36.50,617.800000,28.993486,483.800000,28.019041,1101.600000,47.242166
TAP,36.75,615.700000,24.617293,485.700000,22.910696,1101.400000,36.274264
TAP,37.00,615.500000,36.301974,474.300000,29.657489,1089.800000,54.478946
TAP,37.25,618.600000,30.591212,478.200000,28.874441,1096.800000,37.421919
TAP,37.50,622.500000,30.196578,475.600000,28.355677,1098.100000,39.887202
TAP,37.75,619.400000,29.691750,467.900000,22.624716,1087.300000,33.186510
TAP,38.00,631.300000,28.651352,472.800000,20.351358,1104.100000,25.287019
TAP,38.25,626.700000,18.433363,464.200000,34.015683,1090.900000,31.830977
TAP,38.50,629.300000,22.400645,468.300000,28.000198,1097.600000,30.562141
TAP,38.75,632.900000,9.848294,465.700000,27.133620,1098.600000,23.003381
TAP,39.00,620.300000,17.901272,458.900000,23.211348,1079.200000,20.109699
TAP,39.25,612.800000,31.974990,464.100000,24.776557,1076.900000,36.348468
TAP,39.50,619.600000,28.210321,470.200000,22.972447,1089.800000,33.289304
TAP,39.75,628.000000,30.760725,473.200000,34.508614,1101.200000,41.975654
TAP,40.00,618.900000,30.646551,458.700000,22.944619,1077.600000,44.659701
TAP,40.25,620.400000,31.553130,463.200000,21.431026,1083.600000,42.856868
TAP,40.50,623.300000,29.208256,461.900000,21.743198,1085.200000,35.692514
TAP,40.75,623.800000,27.611592,457.800000,21.933232,1081.600000,27.240493
TAP,41.00,623.100000,14.410259,463.700000,32.031408,1086.800000,27.951545
TAP,41.25,623.200000,28.275628,466.100000,24.946387,1089.300000,36.536283
TAP,41.50,627.400000,26.081922,465.800000,23.102669,1093.200000,30.209638
TAP,41.75,631.000000,28.303906,462.400000,24.070268,1093.400000,42.680206
TAP,42.00,628.300000,24.859829,465.000000,24.589971,1093.300000,34.146905
TAP,42.25,629.600000,17.864925,460.300000,28.798341,1089.900000,26.328903
TAP,42.50,630.800000,16.962704,453.000000,13.775986,1083.800000,23.962007
TAP,42.75,637.600000,21.177556,462.000000,16.397832,1099.600000,32.063132
TAP,43.00,640.900000,33.755493,454.200000,20.831600,1095.100000,48.571711
TAP,43.25,639.000000,22.808381,456.200000,15.597721,1095.200000,28.424559
TAP,43.50,632.100000,25.326534,463.500000,15.393000,1095.600000,29.814985
TAP,43.75,629.700000,28.759733,463.500000,22.785229,1093.200000,42.467766
TAP,44.00,626.800000,26.865095,470.600000,17.576499,1097.400000,37.730624
TAP,44.25,633.800000,21.846942,477.000000,17.568912,1110.800000,32.577429
TAP,44.50,630.800000,21.143951,475.900000,26.031818,1106.700000,32.738187
TAP,44.75,613.800000,27.752077,465.700000,25.232475,1079.500000,41.756570
TAP,45.00,631.100000,25.070789,469.800000,19.915377,1100.900000,31.564572
TAP,45.25,633.000000,23.574940,463.900000,13.939951,1096.900000,25.929177
TAP,45.50,626.200000,24.570986,464.200000,26.250079,1090.400000,36.718751
TAP,45.75,630.600000,17.939404,466.700000,25.733895,1097.300000,32.034877
TAP,46.00,626.700000,13.408538,465.700000,31.023468,1092.400000,37.824742
TAP,46.25,627.600000,15.115849,470.400000,25.360512,1098.000000,34.195516
TAP,46.50,622.100000,27.131163,474.500000,30.270081,1096.600000,43.032804
TAP,46.75,623.600000,28.593706,471.900000,24.686704,1095.500000,36.360082
TAP,47.00,626.400000,22.794736,477.900000,22.605063,1104.300000,30.040898
TAP,47.25,636.500000,25.889723,475.300000,32.283639,1111.800000,40.548462
TAP,47.50,626.400000,39.322597,467.400000,28.241813,1093.800000,37.144762
TAP,47.75,624.300000,40.699577,470.900000,36.096937,1095.200000,37.436761
TAP,48.00,616.200000,33.252569,462.900000,27.432544,1079.100000,40.782485
TAP,48.25,618.300000,23.608144,465.300000,31.513842,1083.600000,21.140798
TAP,48.50,618.500000,34.245032,465.300000,26.301880,1083.800000,27.360962
TAP,48.75,618.900000,37.634057,464.500000,26.328059,1083.400000,47.623990
TAP,49.00,618.600000,31.496737,476.500000,38.494588,1095.100000,52.999895
TAP,49.25,616.300000,25.060150,468.900000,31.680523,1085.200000,42.171080
TAP,49.50,619.600000,24.189989,470.000000,42.103048,1089.600000,45.336274
TAP,49.75,615.800000,24.925667,449.600000,17.296114,1065.400000,25.833656
TAP,50.00,623.300000,29.888868,462.400000,20.721433,1085.700000,37.756677
TAP,50.25,624.600000,25.417404,462.500000,27.419579,1087.100000,29.617750
TAP,50.50,617.600000,30.660144,465.200000,26.565642,1082.800000,28.989653
TAP,50.75,619.000000,39.785536,456.600000,21.680508,1075.600000,33.787572
TAP,51.00,621.000000,36.447832,468.700000,30.976873,1089.700000,46.135188
TAP,51.25,625.600000,32.018050,465.300000,16.048884,1090.900000,37.931078
TAP,51.50,636.600000,33.223820,475.300000,25.456062,1111.900000,45.894686
TAP,51.75,632.200000,23.498463,469.000000,18.092356,1101.200000,28.287414
TAP,52.00,628.300000,31.622952,464.600000,28.068171,1092.900000,51.675161
TAP,52.25,628.200000,24.421302,475.300000,32.159498,1103.500000,40.316112
TAP,52.50,627.700000,30.011294,477.800000,30.327106,1105.500000,45.070932
TAP,52.75,634.100000,34.802458,478.200000,26.448272,1112.300000,40.540926
TAP,53.00,634.100000,23.764820,469.200000,27.687944,1103.300000,40.130482
TAP,53.25,639.500000,21.981052,467.500000,39.184039,1107.000000,55.823133
TAP,53.50,634.600000,11.805837,461.900000,29.953482,1096.500000,36.268290
TAP,53.75,639.600000,18.044390,461.900000,36.314827,1101.500000,48.651253
TAP,54.00,632.200000,19.792254,457.300000,25.573641,1089.500000,26.891758
TAP,54.25,632.500000,23.731133,457.300000,32.585102,1089.800000,47.318777
TAP,54.50,639.600000,16.998039,463.400000,25.781992,1103.000000,28.670542
TAP,54.75,648.200000,31.247400,474.800000,14.343407,1123.000000,35.314460
TAP,55.00,645.100000,31.497619,473.600000,27.552778,1118.700000,43.833143
TAP,55.25,639.100000,36.861452,472.100000,23.581773,1111.200000,43.517046
TAP,55.50,637.100000,30.603014,480.600000,26.365803,1117.700000,40.030683
TAP,55.75,630.200000,30.597022,479.900000,27.347354,1110.100000,45.569117
TAP,56.00,633.500000,25.743392,486.900000,36.728584,1120.400000,47.336150
TAP,56.25,636.000000,15.839472,476.500000,32.377118,1112.500000,40.483879
TAP,56.50,638.600000,21.869309,476.500000,29.048809,1115.100000,35.921055
TAP,56.75,633.200000,27.054677,466.100000,22.153254,1099.300000,39.855433
TAP,57.00,629.300000,23.584599,467.700000,24.626318,1097.000000,36.012344
TAP,57.25,629.100000,25.335307,475.900000,24.066805,1105.000000,40.952547
TAP,57.50,621.700000,14.591093,469.200000,22.034317,1090.900000,31.128586
TAP,57.75,625.600000,22.212109,478.700000,21.229173,1104.300000,30.040898
TAP,58.00,621.500000,25.034421,472.800000,27.579380,1094.300000,34.877723
TAP,58.25,631.200000,20.611755,472.000000,21.771541,1103.200000,21.765416
TAP,58.50,620.700000,22.306202,481.100000,23.923257,1101.800000,34.227344
TAP,58.75,629.700000,21.899011,481.900000,29.255389,1111.600000,30.045151
TAP,59.00,624.700000,29.135889,474.000000,25.495098,1098.700000,15.804711
TAP,59.25,629.500000,25.047732,471.400000,26.454153,1100.900000,25.813218
TAP,59.50,637.000000,21.076580,476.400000,27.677508,1113.400000,32.366650
TAP,59.75,636.400000,20.683864,465.300000,22.847562,1101.700000,36.077232
TAP,60.00,645.400000,24.322829,475.800000,32.286220,1121.200000,51.753261
TAP,60.25,633.100000,28.745821,470.700000,29.360026,1103.800000,40.176831
TAP,60.50,625.500000,26.133206,473.300000,21.771796,1098.800000,23.948092
TAP,60.75,634.900000,17.084431,480.700000,22.385759,1115.600000,14.454526
TAP,61.00,623.600000,28.644177,464.200000,17.737593,1087.800000,31.279386
TAP,61.25,632.500000,20.988092,469.800000,17.248510,1102.300000,33.901983
TAP,61.50,622.100000,15.183690,463.900000,22.133183,1086.000000,28.350975
TAP,61.75,625.700000,26.153606,467.500000,22.564722,1093.200000,41.125283
TAP,62.00,638.900000,22.158269,471.500000,27.609378,1110.400000,41.102041
TAP,62.25,640.000000,16.048537,465.200000,20.767496,1105.200000,24.155975
TAP,62.50,639.200000,18.097268,467.700000,26.745924,1106.900000,33.883624
TAP,62.75,626.700000,24.198485,460.400000,25.591665,1087.100000,39.543085
TAP,63.00,622.900000,15.552420,460.900000,22.323132,1083.800000,20.595577
TAP,63.25,637.300000,22.380795,465.000000,32.741411,1102.300000,48.609670
TAP,63.50,636.600000,30.786722,466.600000,37.517996,1103.200000,62.001434
TAP,63.75,639.900000,25.804608,466.000000,25.871477,1105.900000,36.488811
TAP,64.00,640.300000,26.981681,480.200000,26.582367,1120.500000,31.539217
TAP,64.25,638.400000,21.396781,474.600000,19.391865,1113.000000,30.818465
TAP,64.50,626.400000,24.940819,476.100000,18.764328,1102.500000,25.570165
TAP,64.75,628.900000,33.771948,470.900000,17.660062,1099.800000,40.911286
TAP,65.00,626.500000,26.311172,477.800000,19.792254,1104.300000,38.623683
TAP,65.25,621.500000,33.036175,467.700000,30.170073,1089.200000,43.147808
TAP,65.50,625.000000,36.092474,471.100000,24.682202,1096.100000,42.143801
TAP,65.75,623.200000,24.114541,464.600000,22.930814,1087.800000,26.885767
TAP,66.00,624.500000,19.460787,474.800000,30.002963,1099.300000,32.390156
TAP,66.25,618.500000,26.966028,475.500000,23.609085,1094.000000,22.929845
TAP,66.50,634.300000,33.569331,479.000000,19.641226,1113.300000,27.856976
TAP,66.75,618.200000,31.265174,467.300000,18.031146,1085.500000,28.084199
TAP,67.00,617.100000,27.192523,470.000000,20.510160,1087.100000,36.433959
TAP,67.25,627.100000,33.224656,472.300000,15.811740,1099.400000,38.410647
TAP,67.50,628.700000,36.724349,472.500000,15.327898,1101.200000,35.940692
TAP,67.75,621.200000,33.332667,463.200000,18.825515,1084.400000,43.848730
TAP,68.00,629.000000,26.770631,461.100000,34.297554,1090.100000,49.659843
TAP,68.25,623.700000,24.358663,463.200000,22.389482,1086.900000,35.296994
TAP,68.50,630.700000,34.998571,469.800000,24.652248,1100.500000,47.831301
TAP,68.75,640.600000,25.535161,468.700000,21.008199,1109.300000,34.065460
TAP,69.00,638.800000,13.612086,473.600000,22.780108,1112.400000,22.988886
TAP,69.25,635.000000,29.386316,474.500000,23.305936,1109.500000,23.838578
TAP,69.50,630.400000,28.355677,474.700000,22.524308,1105.100000,39.912265
TAP,69.75,623.000000,29.642312,469.300000,14.000397,1092.300000,36.215558
TAP,70.00,625.700000,28.079451,463.100000,19.416202,1088.800000,38.287799
TAP,70.25,629.100000,31.189208,468.300000,14.461059,1097.400000,40.915088
TAP,70.50,624.100000,39.300693,462.000000,19.754043,1086.100000,45.236293
TAP,70.75,628.700000,32.249203,463.700000,23.888863,1092.400000,30.346883
TAP,71.00,622.900000,32.824280,476.000000,26.832816,1098.900000,32.305658
TAP,71.25,623.000000,40.966111,475.600000,28.574270,1098.600000,34.241625
TAP,71.50,625.800000,34.511834,481.600000,32.191096,1107.400000,40.912372
TAP,71.75,630.300000,29.533597,480.200000,41.789951,1110.500000,47.221111
TAP,72.00,630.600000,34.471244,476.200000,34.048332,1106.800000,41.146891
TAP,72.25,623.300000,33.602414,477.900000,30.573954,1101.200000,50.464069
TAP,72.50,620.300000,27.190889,471.100000,25.894873,1091.400000,41.719167
TAP,72.75,621.800000,28.943623,470.200000,17.138650,1092.000000,38.450545
TAP,73.00,632.700000,29.616249,476.900000,23.477886,1109.600000,45.736443
TAP,73.25,632.100000,30.413630,474.600000,22.376575,1106.700000,45.193534
TAP,73.50,619.300000,26.795729,469.200000,18.949055,1088.500000,31.739390
TAP,73.75,616.300000,28.910014,472.500000,20.865974,1088.800000,34.758852
TAP,74.00,606.500000,20.288201,469.100000,21.257417,1075.600000,35.525265
TAP,74.25,603.900000,31.935525,474.500000,14.789260,1078.400000,38.508873
TAP,74.50,609.500000,30.303098,481.600000,14.796396,1091.100000,33.791682
TAP,74.75,609.600000,25.639379,478.000000,15.740959,1087.600000,26.470948
TAP,75.00,623.500000,27.060632,480.400000,22.853154,1103.900000,40.178629
TAP,75.25,625.800000,26.330380,475.500000,28.175048,1101.300000,47.981594
TAP,75.50,614.500000,16.521030,457.900000,22.659067,1072.400000,28.948997
TAP,75.75,602.600000,20.216605,458.200000,29.476167,1060.800000,43.791932
TAP,76.00,614.200000,19.360900,462.800000,32.591069,1077.000000,34.389921
TAP,76.25,625.300000,23.137512,461.300000,28.495809,1086.600000,27.109654
TAP,76.50,640.700000,25.733895,471.300000,16.839438,1112.000000,32.482474
TAP,76.75,644.000000,22.300972,466.100000,17.822894,1110.100000,33.603737
TAP,77.00,631.300000,17.384859,466.100000,13.779615,1097.400000,22.799610
TAP,77.25,636.000000,27.450966,476.500000,20.743138,1112.500000,37.464798
TAP,77.50,640.800000,32.144811,479.400000,25.334211,1120.200000,50.154871
TAP,77.75,634.600000,34.516341,478.100000,27.758682,1112.700000,48.534180
TAP,78.00,637.800000,33.319330,484.400000,21.329166,1122.200000,49.694176
TAP,78.25,638.800000,29.031783,466.000000,23.118055,1104.800000,34.110279
TAP,78.50,632.000000,27.067816,463.300000,19.345111,1095.300000,21.129495
TAP,78.75,627.100000,16.346593,456.100000,27.590055,1083.200000,21.091336
TAP,79.00,629.700000,21.066297,465.400000,25.902381,1095.100000,35.710098
TAP,79.25,627.500000,16.900033,463.000000,22.494444,1090.500000,27.301811
TAP,79.50,621.600000,21.287451,460.700000,25.807191,1082.300000,33.476526
TAP,79.75,627.300000,29.276650,468.700000,24.531386,1096.000000,31.790984
TAP,80.00,613.000000,26.870058,469.000000,18.944363,1082.000000,28.280343
